request_r,signature_id
42802342,33030
42955383,53967
36790459,53967
42795927,14641
43028447,35069
42853635,33030
42972986,32954
42530860,35069
42691396,33030
43019803,33030
42734076,33030
37394459,53967
37671475,53967
37927512,53967
43080099,33030
42731070,33030
38781453,14641
42771203,33030
39093519,33030
36619457,53967
42895759,33030
42589644,40109
40514476,33030
39579557,3936
42988580,35069
42408489,53967
42868420,33030
42968365,35069
39436467,33030
42594700,53967
39305453,53967
42690881,32954
43043935,33030
43119520,35069
42711796,40109
42595160,53967
42462957,35069
42798204,3936
38894481,33030
42612892,14641
42645154,33030
43056778,33030
42699828,33030
42671514,40109
42949858,35069
43025180,33030
37977496,53967
38639452,14641
42762507,33030
42981062,33030
43067840,33030
42930065,53967
42655856,33030
39485554,33030
40113488,53967
42723152,35069
42603099,33030
42925165,40109
42789457,35069
42999342,33030
43124443,33030
43049467,33030
41409470,53967
37947498,33030
42776774,33030
40109485,33030
42964016,14641
42925923,32954
42473836,33030
42911959,53967
37452471,53967
42778099,33030
42253489,3936
42910864,33030
42892784,33030
36879515,33030
39617491,53967
43123238,53967
42582864,33030
43069325,40109
42517103,33030
42705253,33030
38885458,53967
42073455,53967
42503611,33030
42666569,14641
42991568,33030
39095540,53967
39288585,33030
39836458,33030
42708490,33030
42610640,33030
42856534,35069
42959704,35069
41406458,40109
42922457,35069
43044764,53967
42416456,3936
41733489,3936
42660594,33030
38596494,33030
42538533,35069
38039465,33030
42593756,33030
42946465,33030
37302483,3936
42750055,33030
42519787,53967
42890133,35069
39566491,3936
42853991,53967
42950388,33030
38434457,33030
40856458,53967
43029676,33030
42614911,53967
42567347,71778
40128483,3936
39533468,33030
39466525,40109
42998777,3936
42883096,3936
38715463,3936
42744297,14641
43032265,32954
41079475,14641
42213451,33030
42861865,3936
42651445,33030
42865241,33030
42460499,3936
39416492,14641
39145499,33030
42977084,33030
42445937,53967
37349493,53967
42763191,33030
43035934,32954
43026964,35069
43064543,33030
42906437,53967
38490539,33030
43145862,53967
42584564,14641
43041686,14641
38986487,14641
37162456,53967
42894792,40109
43102259,53967
43044900,53967
43042573,33030
40210471,53967
37336490,33030
42940939,40109
43071217,32954
42975281,32954
42795640,33030
38571504,3936
42298499,53967
43062643,40109
43084057,35069
38591488,33030
42750799,33030
42493599,33030
42846979,35069
41369561,3936
36895480,53967
40207473,33030
42963520,35069
43003527,35069
43139285,33030
42426484,14641
42488098,14641
43138360,14641
39552468,33030
40520460,53967
38890496,14641
38424560,3936
43129246,33030
37822471,33030
42980894,14641
43036268,35069
42780652,33030
36847468,33030
42973183,53967
42571593,33030
37218476,33030
42546708,33030
37675699,33030
42227464,33030
42494886,33030
43031865,33030
42730528,14641
42635585,32954
39746463,53967
42963612,33030
42538494,53967
40154480,53967
42715325,35069
42807238,14641
42854398,53967
40031497,33030
43060665,33030
42510947,53967
42477460,3936
42930832,33030
38312488,33030
39921468,14641
42660292,53967
37965518,14641
38630458,33030
43124080,53967
42613708,14641
42970160,53967
43067798,32954
42960598,32954
43120075,14641
42929955,33030
39325461,14641
40944534,53967
37509457,53967
37354523,33030
43042142,35069
43016436,14641
43018620,35069
39234484,53967
43083747,32954
41453480,33030
42831758,53967
42602420,53967
42929997,53967
42613395,33030
42748478,35069
39143490,53967
42959113,14641
38509528,53967
42775308,33030
42339452,53967
38753568,33030
42937075,3936
43031417,53967
42984431,33030
42656075,33030
42664041,33030
42476745,40109
43125068,33030
42744605,53967
42876676,35069
42911223,35069
42223474,33030
43102705,53967
42536714,3936
42713668,33030
40519530,33030
42913443,32954
36946470,53967
42604897,33030
43007183,53967
38609589,33030
37273509,14641
43034074,33030
42561594,14641
42781269,33030
42633677,53967
42620621,33030
43102622,40109
37078465,33030
37052545,14641
43124000,35069
42516170,33030
43125442,33030
43087320,33030
42697065,32954
41305514,33030
40895497,53967
42785152,32954
43133743,33030
42936874,33030
39495590,33030
40583521,3936
42713852,14641
39273455,3936
42544148,33030
37532497,33030
39627475,53967
42803469,33030
43102371,14641
41654501,33030
42527724,3936
37527463,53967
41126480,3936
42476739,33030
42565722,40109
43041591,35069
42855030,33030
43104801,53967
38540479,33030
43062978,40109
43009519,32954
42943918,53967
42634319,14641
42546698,33030
42160484,33030
43091696,3936
42392469,3936
43045872,40109
42675653,35069
39145470,33030
42928918,33030
43137323,33030
42746465,33030
42681123,3936
42610260,32954
41132492,53967
42881914,33030
42818132,35069
41756490,32954
42705625,53967
38790598,33030
42572697,40109
42826991,35069
42939940,35069
42664009,14641
42559895,33030
43019816,14641
39968457,33030
43066721,35069
43069601,35069
43125671,40109
39679489,53967
37770457,14641
43057990,33030
43033088,53967
42546188,14641
37443467,40109
42942685,33030
40824496,14641
41519492,53967
42969188,33030
38578459,14641
36674469,14641
42571161,14641
43133900,32954
42940595,33030
43052826,33030
42960565,35069
42895609,35069
42948817,33030
42675054,33030
38213493,33030
43134162,53967
39241455,33030
36688487,53967
37675628,33030
42845921,35069
42860877,35069
40046509,33030
42921815,53967
42529745,33030
40568474,53967
41980549,33030
38809482,14641
43032146,33030
43008189,33030
39959473,33030
42970601,33030
42840226,35069
38806545,53967
42509943,53967
42408542,33030
37441465,14641
41954492,33030
42587826,40109
43142501,33030
42574623,33030
37748539,3936
37364500,3936
42877524,53967
42822629,33030
42416949,40109
39445741,33030
42989569,33030
42632422,14641
42964713,33030
39442454,33030
42763390,14641
39476527,53967
39285453,14641
42507076,33030
42961035,53967
42959554,32954
42731342,40109
38459455,53967
42917021,33030
42986632,53967
42751478,33030
41908464,53967
42930541,33030
42886515,14641
43117102,14641
42962809,53967
43092858,53967
43134875,33030
42754926,35069
42985619,53967
43113325,53967
40420465,33030
42814096,53967
39427514,14641
42888251,35069
42111461,53967
42511114,33030
42104475,33030
42519148,14641
42821160,3936
40976460,40109
42879610,53967
42617278,33030
42684582,14641
38797468,33030
38928498,33030
39182479,33030
42547869,14641
38465490,53967
43138459,71778
42753449,3936
42841017,33030
42883498,33030
42508271,40109
42837144,35069
43079442,53967
43019923,35069
43133697,33030
43041324,33030
43092672,14641
37102544,33030
39343475,33030
42241539,33030
42157460,53967
40404489,14641
42503648,33030
42973188,33030
42682200,35069
40483476,33030
42839447,33030
42778230,14641
43090779,35069
42806526,3936
43031593,33030
42867723,35069
42959308,35069
37120463,53967
37924559,40109
42784121,3936
41811549,33030
40306488,33030
43027108,32954
42854334,40109
43097263,53967
39350557,53967
43050282,33030
38365546,33030
38575535,33030
43022583,32954
42866744,14641
42499492,53967
43090321,53967
37644538,53967
42673029,53967
42930180,33030
42925568,53967
38889459,33030
42516293,33030
42782437,35069
43007684,14641
42973624,33030
42922500,33030
43080301,33030
43069079,33030
40015462,33030
42507506,14641
42398724,14641
43078009,40109
42845435,53967
42764025,14641
43064881,33030
42839994,53967
36920465,33030
40396494,33030
37675578,53967
42976563,33030
40693495,3936
42727492,33030
40328511,53967
36840559,33030
42500716,53967
42056475,33030
38751487,14641
39276607,53967
42575961,33030
43060401,35069
39161490,14641
43118072,14641
43100775,35069
42610340,33030
39550996,33030
42759508,33030
41709488,53967
42814192,33030
38950482,33030
43028220,33030
42894083,35069
42537116,14641
40136466,3936
40593554,53967
36883490,53967
37208471,53967
41904465,3936
43043999,14641
42883148,14641
43006466,53967
39256486,33030
42713308,3936
37824474,33030
39968490,53967
42637276,33030
43106860,3936
43018239,35069
42950622,33030
42956620,33030
40016471,14641
43087032,33030
36744527,3936
42963649,33030
42674584,33030
39047474,33030
40125479,33030
42807819,3936
42457090,32954
42858981,35069
41254500,40109
42696548,35069
42798824,32954
38652461,33030
42914284,33030
38745535,33030
42937134,33030
42886486,35069
41452454,53967
39764502,53967
42507455,53967
39214465,53967
43111329,33030
42982913,33030
42921430,53967
42925380,3936
42661264,35069
42473830,40109
42940822,33030
39200471,33030
42457574,53967
42994408,33030
37838485,53967
41843500,33030
39973468,14641
42809347,53967
38437541,33030
42534757,53967
42447537,14641
42875848,40109
42605596,33030
42824046,33030
42684095,35069
37911542,14641
42715404,53967
42775716,33030
36845634,33030
42963874,14641
41791463,33030
42745525,33030
43126203,35069
37869491,3936
37673451,14641
37167461,53967
36797456,53967
43041870,35069
42605769,33030
36749497,33030
37599488,53967
42458106,40109
42939304,33030
42459709,33030
40065537,33030
42575485,33030
42961495,33030
43096173,33030
38941461,33030
42513715,53967
37649463,3936
42823405,35069
40753466,3936
40335495,53967
40372537,53967
40122472,14641
42872596,35069
39227458,33030
36829465,33030
39351487,14641
38689463,14641
42851502,33030
42926991,32954
39664472,53967
42816353,35069
40331495,33030
42613773,14641
37653462,3936
42489485,14641
42503426,53967
42544240,40109
40501487,33030
43091724,33030
43032954,32954
40589498,53967
39507522,33030
42667678,33030
42509644,14641
42711791,71778
40264484,33030
38794466,14641
42513977,53967
42395138,32954
42437190,33030
40018477,53967
36946491,53967
43103101,33030
40821465,14641
42649580,33030
43114157,33030
41216463,33030
42755103,35069
38973460,33030
42578158,33030
42481027,33030
42939147,35069
39019458,14641
42606433,53967
42983756,33030
42750405,14641
41192526,33030
42666267,14641
43114463,35069
42947176,33030
39685466,33030
42707005,14641
42637587,33030
40266480,14641
42978610,35069
38062534,33030
42577770,14641
39651523,53967
43067263,33030
40222487,14641
42637113,53967
42605880,33030
37792464,33030
39679490,14641
37378468,53967
43045346,53967
38575569,14641
42742665,14641
39369512,14641
37314476,33030
39197599,53967
37774541,33030
42675911,35069
42673163,33030
38663466,3936
42520760,53967
42674307,35069
42853810,35069
42851631,35069
42812312,40109
42883225,53967
39549944,53967
42985866,35069
37833474,14641
39244504,3936
42800363,40109
42654479,14641
42715435,32954
42700376,33030
41692475,53967
37348488,33030
40808545,35069
41906458,71778
38865456,14641
43025383,33030
39210472,33030
43026620,35069
43011420,33030
39538492,33030
42948052,33030
42950598,33030
42489893,33030
42931775,14641
43055698,40109
42285454,33030
42948513,33030
39265580,33030
40615464,14641
42984571,32954
41021546,14641
42605284,3936
42617295,3936
42955449,33030
43043971,14641
42776743,53967
42720498,53967
42856099,35069
42712567,53967
42786702,32954
42839538,35069
42941500,53967
42962552,33030
42621194,14641
42743243,33030
42473714,3936
40124457,3936
36939475,3936
42422657,3936
42735028,35069
43118327,35069
43097983,33030
42994515,14641
42810940,53967
41862473,14641
43007352,53967
42882756,35069
38316496,33030
42776174,53967
42501613,3936
43123642,33030
38924499,53967
42853223,35069
42448770,53967
42571630,33030
37356451,14641
42958724,32954
41582495,33030
39853485,33030
38010457,33030
43112935,33030
43121228,32954
39310739,33030
42958111,33030
42827219,33030
40088513,14641
38402490,33030
40514457,40109
42746253,53967
41118598,3936
42532991,33030
42942674,33030
42882802,32954
42806712,3936
42420791,33030
37583474,33030
39068462,53967
42154457,53967
42548955,40109
38281482,53967
39719475,33030
42702056,53967
42921901,33030
38130498,33030
42881614,33030
42555191,33030
39221485,53967
39762458,33030
42944531,14641
42948003,33030
43107408,14641
41028973,53967
42577066,33030
43135526,40109
38609572,33030
42845606,14641
42590699,14641
37038451,33030
39600470,14641
38534514,33030
42653405,14641
38702499,33030
38471472,33030
38452513,53967
37031495,14641
42606684,33030
42545877,40109
37432522,33030
43122761,33030
42565877,53967
38484485,14641
43089638,35069
42905921,3936
42943671,32954
42869743,33030
42697993,32954
42490245,40109
43133405,33030
42796229,53967
43089292,53967
42945713,33030
42856713,53967
42794736,33030
42741748,40109
42976869,33030
42609695,3936
42661661,53967
39715487,33030
42674513,53967
37441537,53967
42906698,35069
42892893,33030
42787416,40109
43011733,53967
42542106,53967
42477547,33030
39961457,14641
42907630,53967
42795053,33030
42973826,33030
42705482,35069
42684877,33030
42788319,3936
37242451,33030
42780051,33030
42672193,33030
42429530,3936
42603100,53967
42881402,32954
43069648,33030
42944753,33030
43027456,53967
42745288,33030
42966791,33030
42917545,53967
42526482,53967
40525696,53967
42591086,33030
42944758,33030
43096117,32954
42857099,35069
43069272,33030
43085886,53967
43035700,53967
38692452,33030
38808598,14641
42213550,14641
43119749,35069
43029490,35069
41499480,40109
40825498,53967
42536855,33030
42941692,33030
39921495,14641
36990480,3936
42512518,14641
42746671,33030
42046464,32954
42742272,35069
40634486,3936
42968538,35069
42463831,14641
42453345,33030
42761572,71778
38848470,53967
42832520,53967
42754719,33030
42559556,53967
42728249,35069
42871933,40109
42716627,53967
43040519,53967
43111042,53967
42970111,35069
42531719,53967
42465383,53967
43088166,35069
42519187,33030
42457556,33030
42466551,40109
40382750,33030
42530882,53967
43091339,33030
42924414,3936
42368460,40109
39378490,40109
42744978,40109
42588588,14641
42679523,33030
42817818,35069
40294477,14641
37639541,53967
42649347,33030
38869485,33030
42412975,3936
37278482,14641
42720420,14641
42869088,3936
43118504,33030
43045354,33030
39312485,33030
42970756,32954
42877687,33030
42991746,53967
39851462,14641
41011466,33030
42469629,3936
42604116,14641
41145484,33030
42510812,33030
37220599,33030
38319475,33030
38287480,33030
43090001,33030
38697479,33030
42637504,14641
39502463,33030
42081473,40109
41697464,33030
38125537,40109
42800394,33030
43056426,33030
42622557,53967
42533832,33030
41667481,33030
40882509,53967
40517492,33030
39722548,33030
40312464,33030
42624216,33030
43035611,71778
42705447,33030
37820478,33030
37567455,33030
38546488,33030
41339598,33030
43143359,33030
39105499,33030
39340486,33030
39185477,33030
37087538,33030
42885283,33030
43071880,33030
42973158,35069
42687232,3936
42615298,33030
43078598,33030
42821255,35069
38454500,3936
42457641,3936
42870034,35069
42924116,53967
42575494,3936
43130239,14641
43109946,53967
41291469,14641
40690512,40109
37678557,53967
39503667,33030
42975938,33030
43143793,40109
42496280,3936
41150469,53967
37869455,53967
42772939,53967
43086826,53967
38124489,3936
43071100,33030
42983670,33030
42962958,53967
42753227,35069
42832115,40109
39249514,53967
42569627,33030
42605436,14641
41016455,33030
42828118,35069
43008507,33030
42508302,33030
39257497,33030
38089509,33030
40005471,53967
42687702,14641
39624471,53967
40112456,14641
42643272,14641
42496467,53967
42994077,35069
42962870,53967
39048487,14641
41054490,71778
40755481,33030
43000183,33030
42889460,14641
42395097,32954
42915449,33030
43094850,33030
42455110,53967
42895833,3936
38365480,33030
42867660,35069
42663810,40109
42634227,53967
38587467,53967
42570569,32954
42452864,40109
42783099,33030
38707492,33030
41697459,53967
42559854,3936
40757496,53967
42983060,33030
42653500,33030
43095461,53967
43117941,32954
43087823,33030
42394707,33030
42807674,35069
43033201,33030
42920665,53967
42897069,35069
43073573,53967
42454805,3936
42503094,32954
42866395,53967
42855277,35069
43044883,40109
43005886,35069
41493467,14641
43054229,33030
42481749,53967
40128501,33030
43096824,35069
37937630,33030
42585391,53967
42315460,33030
42997230,33030
40610476,3936
42866719,35069
42814842,35069
42808280,14641
42679702,33030
38667463,33030
42496962,33030
42990945,33030
39668546,14641
42718206,71778
42810603,40109
43002230,33030
43033338,33030
42817683,53967
39884492,53967
42506163,14641
42998286,40109
42458601,33030
41131452,33030
42828408,35069
42877576,32954
42872588,35069
40513556,14641
38430472,33030
42833078,53967
37095492,33030
37796541,33030
39437471,53967
40616460,14641
43046260,33030
42894299,3936
36865488,33030
43088919,33030
42642883,3936
42585944,40109
42486450,33030
42739491,33030
42825386,3936
42630591,35069
42760482,53967
38124474,33030
38985507,14641
39053698,33030
43012185,32954
42997828,3936
42995995,33030
43126531,53967
37006488,53967
42356457,14641
42913929,53967
37455466,33030
39143524,14641
38911484,33030
42755041,3936
42485093,33030
42860196,33030
43053663,33030
42451683,40109
38431459,53967
42787373,33030
42964105,53967
43093442,33030
42137489,33030
42729449,33030
43134211,35069
37531492,3936
42449693,53967
42651826,33030
41534492,53967
43045886,35069
42984465,40109
42527126,33030
42625982,33030
42535948,33030
39022473,33030
42759417,33030
43008748,33030
43041442,53967
36996461,53967
37835497,14641
38050455,3936
38831464,53967
42982660,33030
43035434,32954
41656474,33030
42500184,14641
42611269,14641
42764102,33030
42593191,33030
37514586,53967
43145866,33030
42595185,14641
37924542,3936
43117505,35069
42449556,33030
42933844,33030
38974452,14641
36669536,53967
42014474,3936
42824658,33030
42495283,14641
42610377,33030
42769253,40109
41816495,3936
42670912,53967
40318482,53967
42698456,35069
41192491,14641
42456559,53967
42938823,33030
42839987,35069
43120556,35069
42875252,32954
41491474,33030
39700467,33030
43079758,14641
42968081,14641
42822981,33030
42558580,14641
42536852,33030
42779923,14641
43121096,33030
42787400,14641
42769725,33030
42514450,14641
38509462,33030
38069485,33030
42659056,33030
43063136,35069
39208453,33030
42569680,53967
41562525,33030
43090780,35069
42846173,33030
37328477,33030
42587812,14641
39143511,53967
42833509,33030
42703609,40109
40198495,33030
38382464,14641
43044634,33030
38862500,53967
42795113,33030
42738632,35069
42962795,53967
42759155,53967
37596492,53967
41665593,33030
38221491,40109
38963473,33030
39379487,33030
43122004,33030
42923649,35069
43116721,53967
42599859,53967
42711608,53967
42934609,33030
42746538,53967
42622439,14641
42580696,33030
42919766,53967
43082132,33030
42618815,53967
43133722,33030
42814020,40109
42824424,53967
43006838,35069
43100129,14641
39467593,71778
39343493,53967
38741559,33030
36824491,53967
42505423,33030
40040565,33030
42788560,32954
43007397,3936
43057499,32954
42808375,35069
36637455,3936
36756465,53967
36967540,14641
43017201,33030
37350466,53967
37696452,14641
39920548,33030
38617494,40109
42990910,33030
37820501,14641
42596316,33030
42799310,40109
42680046,33030
38064471,3936
39051476,33030
42639925,14641
42697197,14641
36986483,3936
40183491,53967
38244492,33030
42671838,3936
42729409,33030
39133454,53967
37612460,33030
42363479,53967
43136689,14641
41059488,3936
39231541,14641
42824264,35069
42660823,14641
42638731,3936
38333469,14641
43000976,3936
42725392,53967
41573459,53967
38538495,14641
42923616,3936
42810233,32954
43046855,32954
42898480,14641
42784054,53967
37811492,53967
38989523,53967
42976482,3936
43000253,14641
42804452,3936
42423573,3936
43034317,32954
42702149,14641
37241491,53967
43121589,71778
42965698,53967
37295553,14641
37028490,14641
43062666,53967
42764107,40109
43011705,53967
41073485,53967
37207500,53967
36880460,53967
42919545,35069
42603412,40109
42533504,3936
42772861,53967
42536081,32954
41922542,3936
43024615,35069
41070460,53967
43127612,35069
42922700,53967
42294463,53967
42946117,53967
39612475,14641
40530453,53967
38273532,53967
42931515,3936
42848865,35069
42622053,14641
42885729,35069
42510160,3936
42518993,53967
42866966,3936
37602480,53967
42688193,53967
43140890,53967
42972592,35069
43108476,53967
37681485,3936
42919882,53967
42197491,53967
42767378,53967
42653613,14641
42824536,53967
42733686,35069
42629532,14641
42762249,35069
42442630,14641
40580456,53967
42979102,35069
42733655,35069
42524112,14641
42527597,3936
39346470,53967
43060980,40109
38181472,14641
42605907,53967
43018274,53967
42897408,35069
42468069,53967
43129385,71778
42564743,53967
42730189,53967
43004950,53967
38234484,53967
43121279,40109
36891463,53967
41369524,14641
43121131,53967
42767218,53967
42742786,35069
43143636,35069
42966767,35069
38620616,53967
42597930,32954
42976694,35069
42764470,35069
42730462,3936
40830484,3936
42219498,3936
37941478,14641
42304497,3936
42981386,35069
40108484,53967
43081027,40109
42921439,3936
42587000,53967
42792132,35069
43041447,32954
42920871,3936
39675485,53967
41364494,3936
37220531,53967
42436598,71778
42982508,14641
39510452,40109
42715493,53967
37717458,53967
43126100,40109
42827112,53967
42696545,40109
40916471,14641
42664359,14641
43071458,53967
42600108,40109
39491456,3936
39661454,53967
42756024,53967
43099443,71778
42893472,53967
42796167,40109
42781291,35069
42984804,53967
39117465,14641
43097052,53967
42905550,14641
42974810,14641
42620755,35069
42712859,3936
42685927,14641
41970463,3936
42434000,53967
41601480,53967
37558486,53967
36843469,53967
37273551,3936
38308521,3936
39310596,53967
42585596,14641
40359478,14641
40268482,53967
42779191,35069
43007908,40109
40238528,14641
42713682,53967
41961459,53967
42712586,53967
43073044,53967
40473530,53967
42737252,14641
42937362,40109
42826713,32954
39613456,14641
42538628,3936
36688459,53967
42645485,14641
42930483,53967
37502477,53967
42875803,35069
42801401,3936
42764434,53967
43090069,53967
36913451,40109
39992498,53967
42981108,53967
42862775,35069
38503469,53967
38862464,53967
42934956,3936
42474403,14641
42761835,14641
42486551,40109
42993970,14641
38879481,3936
42700165,14641
40030466,14641
42810617,40109
38534635,14641
41139642,3936
37323473,53967
42413766,53967
42797378,53967
38472469,14641
42710229,35069
42310464,14641
42743569,3936
40540451,53967
42642635,14641
42533961,53967
42805257,3936
42877750,53967
41680482,53967
42794831,14641
42801471,35069
38516481,53967
39959480,14641
40659632,3936
42693448,35069
38998565,53967
41243497,53967
42695601,14641
42898543,35069
39942463,14641
37600455,14641
42975377,35069
43038666,53967
40255484,53967
42436470,3936
43041670,35069
37261451,53967
42689086,14641
42662580,3936
42997170,14641
39806489,3936
42770397,35069
42731637,53967
42411744,3936
42995195,14641
39625454,14641
41779468,3936
40886457,53967
42434001,3936
42932953,14641
42574712,14641
38338486,14641
42946154,14641
43001704,53967
42877634,35069
42584600,14641
42681196,14641
43122889,32954
42767274,3936
41533479,14641
41083490,53967
42770767,53967
42950429,53967
42748370,14641
40770496,71778
36764470,53967
42964036,53967
42992763,32954
41584451,3936
43031907,32954
43126661,35069
38098487,53967
37271507,53967
38648472,40109
38371488,14641
43049255,35069
41493455,53967
42964177,53967
37917561,53967
42875437,14641
37612466,53967
43050331,53967
42892752,53967
42456241,53967
36714485,3936
36792469,53967
43139148,32954
38342582,14641
42640963,53967
42868707,53967
42518056,3936
42943465,32954
43016041,53967
42600128,53967
42850172,3936
39171477,53967
42711254,40109
41030195,71778
42965753,14641
43067432,53967
42646843,53967
42648382,53967
42978900,35069
40412451,53967
36880493,53967
42508124,53967
42921006,53967
42934984,14641
43012735,35069
41075600,53967
40827459,53967
39463509,40109
42546686,40109
37716488,53967
42941295,35069
42549678,53967
43018551,35069
40182474,53967
37697457,53967
42495691,53967
42515893,14641
40801460,3936
42043463,53967
42298497,53967
37012527,3936
42968592,35069
43087331,53967
43073564,3936
42977190,35069
40017553,3936
42722109,14641
38312473,14641
36937458,14641
39371451,14641
42948178,71778
42833296,53967
42594220,32954
37676469,53967
42968602,32954
42755891,32954
37699463,53967
42641944,3936
39265520,53967
42716137,3936
42711300,14641
39421563,3936
42764392,53967
42727486,53967
42956902,35069
42712898,14641
39891483,35069
37975452,53967
42519526,35069
42604872,35069
38244460,14641
40539484,40109
42484759,3936
38937584,14641
42770166,3936
42449568,53967
38078468,14641
42755930,35069
42804509,53967
42978931,40109
42674263,14641
42744406,71778
42831827,3936
37357476,53967
42687273,71778
43082120,40109
42603144,53967
40053460,53967
37594460,40109
42981457,35069
42599568,71778
42811657,35069
42805326,3936
43050351,14641
38931455,3936
43139420,53967
42723450,35069
42890297,35069
39762477,40109
42853759,53967
40394462,53967
43032259,32954
43127653,35069
39938458,14641
40513501,3936
42639917,3936
42451741,40109
43114920,53967
43058786,53967
42500905,3936
42724140,14641
42562932,3936
42519623,14641
36718483,53967
43008934,53967
39129472,53967
42664475,53967
42774541,3936
36744613,53967
42935330,14641
41258475,35069
42652833,35069
38678488,3936
37338588,3936
41061516,35069
42676221,53967
42757423,53967
42933205,53967
37359545,3936
42796315,35069
42724424,14641
43125923,32954
43001705,53967
42719336,53967
42974243,53967
39640477,53967
42410674,53967
42533828,3936
38363498,3936
42900787,3936
38741515,3936
42893863,35069
42985253,35069
40784510,53967
42531707,53967
42728169,53967
38289499,14641
42638469,14641
42459472,53967
42692325,35069
39966489,14641
42946205,53967
36899477,14641
42515886,3936
43030831,53967
41571494,14641
43083184,35069
42479693,53967
37965510,14641
42516585,14641
40658489,40109
42677134,53967
38316470,14641
37914457,53967
42923592,32954
43062018,53967
42946270,32954
42684608,35069
40633478,53967
43071437,14641
38994472,53967
40498462,53967
39301467,14641
43073293,32954
42982826,32954
42947434,53967
43087451,40109
42803849,35069
42674196,14641
42613231,40109
40885487,14641
42614568,53967
42819835,35069
42964122,53967
39788573,3936
42457518,40109
41496462,40109
40028483,53967
40151552,40109
37402453,3936
42640505,53967
42739670,35069
40330460,40109
42901474,35069
40629465,53967
42923909,35069
40325460,53967
42901842,53967
42875212,53967
42641368,53967
38703477,14641
37407487,53967
42936892,35069
42480929,71778
42911882,53967
42600526,3936
42755558,35069
42927102,32954
37821553,3936
38513496,53967
39289465,53967
42883232,3936
43125493,35069
42699532,3936
42858493,35069
42691353,3936
42364496,32954
42087456,14641
39664490,53967
42527972,14641
41759457,3936
40468538,40109
43056490,40109
42423863,53967
42980999,35069
39122458,14641
42825061,32954
42535441,40109
40508483,40109
41863483,14641
41241461,53967
43000414,53967
42893815,35069
42497817,14641
41990541,40109
42687937,53967
42901176,35069
38689454,14641
42776554,3936
42700396,14641
38065457,14641
42734545,53967
43080773,40109
42675605,3936
37677558,53967
41857459,53967
37325498,14641
43093038,40109
42986580,3936
42723900,35069
37319468,53967
43051986,14641
42587560,32954
42739392,35069
42788846,35069
39277545,53967
39121529,14641
39611468,53967
43046994,3936
42354533,53967
42607393,3936
42818854,35069
42432589,53967
42764645,53967
43088449,53967
40992477,53967
42723893,32954
42488761,3936
42867711,3936
43045095,14641
39516496,53967
43019594,53967
42418485,3936
42939545,35069
42866078,71778
42552365,3936
40786481,53967
40176565,3936
42804274,40109
42575081,14641
43097539,14641
42516724,40109
42652484,53967
39747452,14641
42407759,3936
39338451,53967
43110038,32954
42927332,35069
43026711,14641
40633459,53967
42555568,40109
40478562,40109
38787476,14641
42696056,14641
42859743,3936
42960574,35069
39097567,14641
42955499,3936
40728499,53967
42983337,53967
42307452,53967
42412779,3936
38569480,3936
42901904,35069
42807968,3936
40543486,53967
42840445,35069
43012917,35069
43071871,32954
36899466,32954
40503521,53967
37068496,53967
37124457,14641
42934560,53967
36886458,14641
41301453,53967
42939301,35069
41182495,53967
42721044,35069
43009032,71778
42967488,40109
43115663,40109
42895411,3936
38609543,53967
38217486,53967
43134689,35069
42637200,40109
43081551,32954
42711982,53967
37036481,53967
40740537,14641
42737144,53967
37092476,53967
42936850,32954
42805215,14641
40978500,53967
42557353,53967
38518543,40109
41659538,14641
40228565,53967
42879081,35069
42467973,32954
37683471,53967
42655240,53967
43076845,71778
40975474,3936
38822495,14641
40490513,3936
37917556,14641
42315490,14641
42764398,35069
42632192,14641
37285499,14641
42464883,3936
37106489,3936
38624477,14641
43127901,35069
37493469,3936
41786483,53967
42782840,35069
40259479,3936
42519387,40109
42991371,53967
38681469,14641
43128724,71778
43072200,40109
42490395,35069
36958596,53967
42680343,3936
43071535,35069
42547749,14641
43095174,35069
43122953,35069
42585738,14641
42445331,40109
38850488,14641
39425488,14641
38981481,14641
37504498,53967
42564887,3936
43035485,71778
37287494,53967
42611582,14641
41910486,53967
42808139,53967
42712681,14641
42779870,53967
42452649,53967
42083536,14641
43084954,53967
41456571,14641
42707555,53967
41167452,14641
42516360,53967
42821436,35069
42554075,40109
38575511,53967
40056528,14641
37465499,53967
42938770,35069
43143638,35069
40834482,53967
42703329,3936
42743401,53967
42925678,14641
39149534,53967
42876988,40109
41698507,35069
42776471,40109
42932142,40109
43040577,3936
40095481,14641
42969506,32954
38453460,14641
42919946,3936
42579663,14641
42743403,14641
42807967,35069
42960854,35069
42934019,35069
41422487,3936
40821473,40109
42728051,35069
39856484,32954
42841312,32954
38271465,3936
41304456,32954
43024179,40109
43120422,35069
42976870,35069
43046666,40109
42774781,14641
42845648,35069
43058371,35069
41615657,3936
37348455,14641
42467954,14641
43065865,40109
42605702,14641
42695335,35069
42410579,14641
42915412,35069
42938914,35069
42759922,35069
42695201,3936
42997736,3936
43014412,35069
38515474,14641
42991771,14641
43004190,35069
42895428,3936
41197475,32954
42639018,14641
42750913,35069
42955551,35069
42447516,32954
41801537,40109
42686503,35069
39585454,14641
42427540,3936
42433481,40109
39759463,3936
42889035,32954
37404678,3936
42782653,35069
43099289,14641
39220475,14641
41636455,3936
42974762,40109
39704498,14641
43081400,35069
38072465,3936
43045989,35069
37488466,3936
37581488,14641
42825144,3936
43120403,40109
42931548,35069
41794455,14641
41834459,14641
39621490,14641
43016116,40109
42895508,3936
42524891,40109
42467896,40109
42564122,14641
42903030,32954
43058719,32954
42741348,32954
42974520,35069
43016661,32954
39560498,32954
43010126,32954
37270533,14641
42552362,32954
42942791,40109
42634304,14641
42788638,35069
42876697,40109
42605752,3936
42478352,32954
42930137,35069
42248493,3936
42868126,35069
42431693,32954
42937636,35069
36913489,3936
42816405,32954
39799470,3936
42864705,71778
40514535,14641
43015866,40109
42663657,71778
42746830,3936
42616477,14641
43052531,32954
42974892,32954
42684094,14641
43003102,32954
42728487,35069
38815474,40109
42463353,14641
42642410,14641
40780477,40109
42441201,40109
36872503,3936
43010591,35069
42073494,3936
37727468,3936
43089199,32954
42980743,35069
42495963,14641
42678166,14641
42931535,40109
42845609,32954
42745523,35069
42816441,14641
43117070,14641
42837039,32954
37372479,14641
42796554,3936
42577973,71778
42778377,35069
43033450,35069
42746234,14641
37295638,14641
39597505,14641
42705477,3936
42813219,35069
42827279,40109
42125494,14641
40312529,14641
39952494,32954
42949863,35069
41012500,14641
42198478,32954
42813146,35069
42878105,35069
42786624,3936
42778436,32954
43077101,40109
42859838,35069
43082701,35069
38314508,14641
42576134,3936
42538583,3936
42914324,35069
38437519,14641
39186469,3936
39583493,3936
42952428,40109
42903459,14641
42743059,32954
42907026,32954
42742364,14641
42686627,35069
42683872,14641
42526820,14641
38761468,14641
42985563,14641
42833516,40109
40156456,14641
43006125,35069
42865869,14641
38643482,14641
38798489,3936
42885206,35069
42816942,35069
43110826,35069
42551868,3936
43106368,14641
40731457,32954
36649532,14641
42922022,3936
37215502,3936
38976492,3936
42496111,3936
37913509,14641
42711983,35069
40770461,14641
43087426,40109
43047376,14641
42774044,35069
42537851,3936
40588452,14641
43079545,32954
42586727,40109
40119598,14641
43098199,35069
38987483,3936
42924879,35069
42454635,14641
39467473,14641
42483626,14641
43033337,35069
43067967,35069
42870134,35069
42956493,35069
41739465,71778
39871532,14641
39584464,14641
42972551,32954
42976859,35069
43108263,3936
42626949,14641
41414466,3936
42872775,35069
37716482,14641
42550575,35069
42755845,35069
42549708,14641
42706823,71778
42690841,3936
42746802,14641
37605477,40109
43118905,3936
42865459,40109
42866290,32954
43125904,32954
42688282,14641
42603308,14641
39556606,14641
42925312,35069
43114862,3936
41534470,3936
38825475,14641
42673810,3936
43097125,40109
42933985,35069
43083030,35069
42857203,32954
42732312,35069
42965882,32954
39288547,14641
39556581,14641
43025583,32954
43098673,35069
43109725,40109
39897507,14641
38045590,14641
43030668,40109
38129497,3936
38056473,14641
42871881,3936
43092603,35069
42582574,14641
42875657,3936
42957910,3936
42494997,14641
38551452,40109
42666916,14641
36688480,14641
39747497,14641
42536135,14641
42655546,35069
42595491,40109
39032476,3936
37560488,14641
42915730,35069
43085091,35069
42760181,14641
42817810,40109
43067154,3936
39381456,3936
42934942,40109
43029568,35069
42946019,35069
43014421,35069
42428492,3936
43006778,35069
42672938,3936
42609138,3936
37378496,14641
38938482,3936
42865493,3936
42805696,40109
42814232,40109
42997402,40109
37164484,14641
41016460,3936
42721688,40109
38302453,14641
38949453,14641
41735483,14641
42788955,14641
43007378,35069
38028456,3936
42620202,14641
37877453,14641
42862764,32954
42982472,14641
42593724,14641
42734232,14641
42847698,3936
42456875,14641
42779317,14641
42958081,35069
41801516,14641
42920893,32954
42964933,3936
42671134,14641
42602642,14641
42790196,35069
42883251,35069
42563093,14641
42839056,32954
38921451,14641
43127046,32954
39495598,3936
43060999,35069
42995940,3936
42911341,35069
42963148,35069
42846752,3936
42412800,40109
42868517,35069
42873248,35069
42180497,14641
39844495,3936
42772172,3936
42961725,32954
42919406,32954
42113465,14641
42840281,3936
42535892,14641
43062456,32954
42500824,32954
41363481,3936
43056877,14641
40850497,14641
43110598,35069
39714453,40109
39493454,14641
39633495,3936
43117776,14641
42685962,14641
42557284,3936
43057705,32954
37812461,14641
42895203,14641
39387500,3936
43130779,32954
42716978,35069
38650451,40109
42746181,40109
42737610,32954
40425496,3936
43056739,3936
41636472,40109
42895331,35069
38443464,14641
43020106,32954
42795204,14641
42601788,3936
39640453,32954
42709804,32954
42766126,35069
42735159,14641
37310564,14641
42454982,3936
43043696,35069
42434037,3936
42801204,35069
40116455,3936
42516365,14641
42922019,35069
42416618,40109
42919919,35069
39882490,14641
39786469,14641
36950452,14641
38524519,14641
43112088,3936
42679619,14641
42849262,71778
42417019,32954
42558728,32954
42787636,32954
43063472,35069
38082466,35069
41712479,14641
43002378,35069
38359535,14641
42708772,35069
43052964,35069
42894046,35069
43016869,35069
42884996,14641
39473496,14641
42856433,35069
42965400,3936
41008578,3936
40224523,14641
42666788,35069
42964076,35069
42651227,14641
39370561,14641
41230488,35069
40612471,14641
38710486,14641
36875494,3936
42603092,40109
42641838,3936
42870767,40109
42839728,35069
38907637,14641
40948480,3936
42865141,14641
42920213,40109
42468603,35069
43112684,3936
38703465,3936
42800178,35069
40740494,40109
42452734,3936
42822423,35069
42564446,71778
43012834,40109
38767481,14641
43093940,40109
42754838,35069
43033340,14641
43006897,35069
40961498,14641
42939504,35069
42563038,3936
42896531,32954
42842261,35069
42806150,3936
42675396,14641
42443682,14641
43019226,35069
43038954,35069
42379689,14641
42642297,40109
37703534,40109
43088497,35069
38966451,14641
42896627,71778
42806718,35069
42782113,32954
42876713,3936
38335451,3936
42184493,3936
38220496,14641
42535280,3936
42754459,35069
42742578,35069
42857802,32954
42807196,3936
42878453,35069
42949966,35069
38531498,14641
39913484,14641
43125316,3936
42686707,14641
43045061,35069
42960532,3936
42836390,14641
42968159,35069
42525237,14641
37368464,14641
43074884,35069
42586360,32954
37129465,14641
42706161,35069
38066494,14641
42819441,14641
42870114,3936
39425509,14641
42868083,32954
42420784,14641
42747468,14641
42561396,14641
43114229,35069
43009057,14641
43080171,14641
41388536,14641
42903231,35069
42520742,32954
43072878,35069
42825125,35069
42929055,32954
42923980,14641
39621498,14641
42688296,35069
42577234,14641
37950451,3936
42520970,14641
39390551,14641
39912475,3936
40287481,14641
43144854,40109
43051608,3936
39227470,14641
42734978,35069
42980689,32954
42797849,35069
43092088,35069
40627451,40109
37077487,14641
42890402,35069
42869013,35069
42605329,14641
43101950,14641
42772652,35069
38962505,3936
38404500,3936
43107750,3936
43070432,35069
39501480,40109
39557474,3936
42889640,40109
42745925,35069
42700093,14641
43070905,35069
42668109,14641
42928436,40109
38446542,14641
42830092,40109
42630174,32954
42890424,14641
42995407,40109
42923879,35069
40273496,3936
42858825,35069
42826163,35069
42439492,3936
37629496,3936
42593052,71778
41278503,3936
42922872,35069
40197471,3936
43075744,14641
42692268,14641
42911774,35069
42558763,40109
38153486,14641
41206523,3936
43035964,14641
39201483,14641
42915950,35069
40443458,40109
43096914,40109
36766451,14641
42764431,35069
42653105,14641
38533463,14641
42930910,3936
42993931,14641
38978537,14641
40838479,35069
43112906,35069
43001914,32954
42831317,14641
39289474,40109
40432544,14641
42936533,35069
42548765,14641
43034906,32954
39174469,14641
39579452,14641
38575633,32954
40468579,3936
42762083,14641
42964718,35069
37754469,14641
41291470,3936
42926820,35069
42945007,32954
42737561,14641
42754910,32954
42925339,35069
43079889,14641
42854424,35069
42580173,14641
42958693,32954
42947583,14641
42905651,35069
42826634,32954
42938875,14641
42638515,32954
38189463,40109
38122469,14641
43052126,40109
38794457,14641
43050495,40109
38151489,14641
42958820,14641
42526587,3936
43108696,35069
42689046,14641
43029724,14641
37202475,3936
42821270,35069
42583389,3936
42784075,35069
43123738,3936
40190478,3936
42809876,35069
43007405,40109
43024688,14641
40473504,14641
37864490,14641
42718640,14641
43096776,35069
42445908,3936
42769777,35069
42931008,40109
42677976,35069
42991915,35069
42570685,35069
40661480,40109
42597191,71778
42883154,35069
42690977,35069
41929482,3936
42708888,35069
42954622,35069
40252529,3936
41856461,3936
43052077,40109
42767935,3936
40241457,3936
39452509,3936
42811525,40109
42786181,35069
43097346,35069
42767938,3936
37839477,35069
42746355,35069
43094314,35069
42990722,32954
42946662,35069
42594565,32954
42317524,35069
42957205,35069
40947492,3936
42975584,35069
39393716,3936
42962490,35069
39103463,3936
42921547,71778
42673728,35069
42960117,35069
41436454,3936
43133145,32954
40406459,3936
42999468,35069
42946447,35069
43029110,3936
42965186,35069
43029268,32954
43086744,32954
39350616,3936
40832460,3936
42465972,3936
42647572,35069
42496218,35069
42734982,3936
42800927,3936
42977987,32954
43063992,32954
42868146,35069
39811455,40109
42714897,3936
41576500,3936
42964050,40109
42715227,3936
43107528,35069
42947967,35069
38164498,3936
43068591,35069
43056744,3936
38728484,3936
42931343,35069
42764067,3936
42832958,40109
42898711,35069
42841254,32954
42924987,35069
43056689,32954
38741535,3936
43008146,71778
42551784,32954
42920777,35069
42596178,3936
43024756,35069
42957412,32954
36764464,3936
43083329,40109
43028798,35069
43021527,35069
42911234,35069
36636479,3936
42906721,35069
43010908,35069
42782045,32954
43133217,40109
43070278,35069
42649096,3936
42593429,3936
39892486,3936
42994118,3936
43012008,35069
42723241,3936
42817510,35069
42511007,3936
42733092,35069
42959254,35069
43138335,71778
42557781,40109
40209455,3936
43029307,35069
42789420,35069
41826455,40109
42925878,35069
42960058,40109
43070068,71778
42673508,71778
43117193,35069
42922856,32954
42881529,35069
42895747,3936
42974779,35069
36737510,3936
42506793,3936
42489915,32954
42960224,35069
43142691,32954
42993269,3936
42889494,32954
42970368,35069
43005914,32954
41388487,3936
42739631,3936
41802488,71778
42767957,35069
43132185,32954
40228533,40109
41147459,3936
42700745,40109
42860149,3936
37143488,3936
42481727,40109
38956691,3936
43066474,35069
42563775,40109
41084541,3936
41782464,32954
40071474,3936
42952485,3936
42994866,3936
42817684,35069
37271531,3936
40968474,32954
42901491,32954
43106548,35069
42757564,35069
41962457,3936
43006150,35069
42596585,3936
43089732,35069
43114933,40109
43092086,35069
43040418,35069
42994864,35069
42972405,35069
42973374,35069
43109236,35069
42486907,3936
42998841,40109
43033467,35069
42599820,3936
42933917,35069
40374540,40109
42709225,35069
43037576,35069
43021625,35069
40387453,3936
43004822,35069
36996484,3936
43101848,35069
43045358,32954
42905825,3936
43093342,35069
42754018,35069
42799113,35069
42500692,71778
42975605,3936
40757488,40109
42902295,35069
42866135,35069
42993825,3936
42394475,40109
42704781,35069
43117957,35069
43135265,35069
42827300,35069
42776967,40109
42505432,35069
43113759,35069
42575596,3936
42647121,3936
42801417,35069
42836487,32954
42861625,32954
42805294,35069
42961590,32954
37494467,35069
42854901,35069
42620685,3936
42713168,40109
43005637,35069
43050012,35069
42804486,35069
43019043,3936
40758457,40109
42925493,35069
43097299,35069
42686185,40109
43143580,35069
42808203,3936
42623145,40109
43045383,35069
41156453,40109
42552345,3936
42974957,32954
42936467,35069
42993009,35069
40156471,3936
42675727,35069
42993961,40109
40694457,35069
42744207,35069
42546519,32954
43009580,32954
43145645,3936
36829472,3936
42971004,35069
42948521,32954
42822891,40109
41935452,3936
41385457,3936
42948152,35069
42542004,40109
39896482,3936
42877047,35069
42981339,32954
42683630,3936
42575699,3936
42488458,40109
43004619,32954
42276460,40109
42797604,40109
42957035,35069
42897256,71778
40254486,3936
40578451,32954
42770874,3936
42705531,40109
42723030,35069
42674821,35069
37971484,3936
42840206,35069
41118623,3936
43113163,32954
42922025,35069
39741478,3936
42673966,35069
43128452,32954
43147371,40109
39744457,40109
40296461,3936
42733663,35069
42917936,35069
42685705,3936
43139004,40109
42466491,35069
42738684,3936
43078948,35069
39705496,40109
42831555,35069
42905462,35069
43038742,32954
42417600,32954
42744744,71778
42766545,3936
39603528,3936
42950052,32954
42554916,40109
38244477,3936
42583133,3936
43089610,35069
43137617,32954
42178499,3936
42971135,35069
42501723,35069
42800384,35069
42997433,3936
42985573,35069
41893492,3936
43056720,3936
42648703,40109
42789034,35069
42799334,35069
42962447,40109
40948520,3936
42857751,40109
38543497,3936
42943658,35069
42700161,35069
42993627,32954
42994954,32954
42703978,3936
42895211,40109
42798534,40109
43132633,35069
40325493,35069
43004019,40109
42898801,32954
42961712,3936
42873041,35069
42560134,3936
43092027,35069
42747429,3936
39168464,3936
36987485,3936
42753840,35069
39121502,3936
42747799,32954
42525133,3936
42984538,32954
42739943,40109
42766271,40109
43097565,35069
43001947,32954
42818502,35069
43072848,32954
43098880,32954
42795940,35069
38718460,40109
40686470,3936
42816926,35069
43071714,35069
42778324,40109
42529988,3936
42399485,3936
42473640,40109
42703351,3936
43065558,3936
41147476,3936
42954863,32954
42441703,3936
42745028,40109
42940854,40109
42635269,71778
42520779,32954
42145490,3936
42778955,3936
43121076,32954
43015419,40109
43066584,32954
37571531,3936
37607469,3936
42507445,3936
42449697,3936
39129540,3936
42704068,71778
43066938,32954
36935476,3936
42741712,3936
38179482,3936
38109455,3936
41375491,3936
40600467,3936
42428599,3936
42544790,32954
42853769,40109
37248500,32954
42516386,40109
42986500,32954
39420475,3936
43138828,32954
42761504,32954
42633809,3936
42929190,40109
42764088,3936
38251476,3936
42427804,3936
42752480,40109
40644463,3936
38899474,3936
42992289,32954
36737538,3936
40117480,32954
43109119,32954
43083080,32954
42497953,3936
42555831,71778
42906285,32954
42943039,32954
42427764,40109
42968320,3936
43112228,40109
42568742,3936
42733401,32954
40105496,40109
42518090,3936
40688467,3936
43041816,32954
42605827,3936
40719469,3936
42464626,40109
42889477,32954
42640145,40109
42588756,40109
42555562,40109
42463355,3936
42823257,40109
38390544,40109
42474277,3936
41449478,40109
42522476,32954
39304482,3936
37663477,3936
42476453,3936
43024420,32954
40150475,40109
40506559,3936
43098681,3936
37572575,3936
43078554,32954
42818381,3936
39906551,40109
43130371,3936
43032007,32954
42972687,40109
41323475,32954
42457064,71778
42473840,32954
43023494,32954
42699594,3936
40522477,3936
42923783,32954
41248494,40109
42563772,40109
42946657,40109
38620586,3936
42770941,3936
43135051,32954
42677500,3936
43114615,32954
39276597,3936
40199548,3936
42591568,3936
43098149,3936
42678969,3936
37471484,3936
42790292,40109
42922120,32954
42278478,40109
42941287,40109
43125891,32954
42984337,3936
42940571,32954
38455464,3936
42542306,3936
42417483,32954
42495687,32954
39518600,40109
42606935,3936
42783035,40109
40738494,3936
40138537,3936
37937603,40109
42778469,3936
42803996,3936
42985527,3936
42812324,3936
41901477,40109
42497835,3936
42803615,32954
42688238,3936
42433909,40109
42689049,3936
42970567,32954
43016784,40109
42690680,40109
42754629,3936
42939422,3936
42900839,40109
37381492,3936
39897475,40109
41467485,3936
43128347,3936
41796456,3936
43111018,32954
43019356,32954
42806780,32954
41456488,40109
42595279,40109
42753330,3936
40019476,3936
42956643,40109
42841621,32954
42932423,3936
42772568,32954
42507434,3936
43063787,32954
43098301,32954
42977757,40109
38416482,3936
42545605,3936
38235470,3936
42746468,40109
42604807,3936
42790062,3936
40096495,3936
42565560,3936
38448477,40109
42925780,32954
40073485,40109
40126476,40109
43080937,32954
41511483,40109
41511467,32954
41865487,32954
39980472,32954
41037472,40109
42548585,40109
43094910,32954
43069869,32954
42552000,40109
42912999,71778
42578532,32954
42667097,32954
42905855,32954
42926839,32954
42571107,32954
43126434,40109
42946646,32954
42845636,40109
42545734,40109
42666716,32954
37014468,40109
43136283,40109
42673076,40109
42715746,32954
42678146,40109
43120023,32954
42973740,32954
42473821,71778
42672177,40109
42983666,32954
42752035,32954
42915825,32954
42963016,40109
43047717,32954
40804464,40109
42776058,40109
42476708,40109
42577776,40109
38839464,40109
42997962,32954
42806347,40109
40459453,40109
43009246,32954
43117819,71778
39764477,40109
42873090,32954
42579842,71778
36957487,40109
42458770,32954
42434157,40109
39051498,40109
42929885,40109
42882977,40109
42630263,40109
42959678,40109
42787817,40109
42833425,32954
43066779,40109
43029114,32954
42589224,40109
42809674,32954
43131355,71778
42911905,32954
42858677,40109
38601474,40109
39551473,40109
37253478,40109
42896990,32954
42890230,40109
41582468,40109
42857604,32954
42654046,40109
42048467,40109
42732184,40109
43117373,40109
43044896,32954
39050455,40109
42419706,32954
42994184,40109
42925395,40109
41029056,40109
42526536,40109
42717147,40109
42485606,40109
42901577,32954
42501990,40109
43117652,32954
42855875,40109
40525540,40109
40514545,32954
42941924,32954
42896003,32954
41225462,71778
43041293,40109
42842318,40109
40793473,40109
41743497,40109
40815452,40109
42885504,40109
40229492,40109
38733575,32954
42691325,40109
38547496,40109
42826222,40109
42899435,32954
43053487,32954
41422453,40109
42570972,32954
42569855,40109
42923624,32954
42802266,40109
42850220,32954
42833852,71778
42486050,40109
43072836,32954
42566402,40109
41807451,40109
42552883,32954
38646461,40109
42688249,40109
42810759,32954
42966283,40109
41533481,40109
40975483,40109
37934493,40109
42946139,32954
42991138,40109
42574969,40109
43132047,40109
42732870,40109
42502810,32954
42855089,40109
42898778,32954
42812190,32954
42413622,40109
42649892,40109
37566539,40109
42690082,32954
43122396,32954
42775043,40109
42826709,32954
42550723,40109
37000496,40109
43033619,32954
42921027,40109
43074675,32954
42824171,40109
42544300,40109
42546257,40109
43047182,32954
43078441,32954
42939282,71778
38258453,40109
42511287,71778
42912141,32954
40012482,40109
42656120,40109
43052236,32954
42739039,40109
42661501,71778
42616041,32954
39704545,40109
42878486,32954
37963499,32954
43032278,32954
42833946,40109
40975451,40109
42873846,40109
42816271,40109
42638277,32954
42889374,32954
38604497,32954
43007946,40109
42920653,40109
43136183,32954
43058142,32954
43081416,40109
42493494,40109
42776456,40109
42917085,40109
42545623,40109
43056634,32954
42441251,32954
42850874,32954
42714271,71778
42503997,40109
42947455,32954
42460096,40109
41890499,40109
43130456,71778
42802448,40109
42925660,40109
40922483,40109
42993873,32954
42755901,40109
42872479,32954
42968715,32954
43132363,40109
42554595,32954
41192504,32954
39582490,40109
42438583,40109
42994014,32954
42870084,40109
42780005,71778
43009254,32954
42998623,32954
41003480,32954
42317461,40109
42678001,40109
43120232,32954
42839311,71778
42081458,40109
43052388,32954
42601509,71778
42915689,32954
42563686,40109
42923765,32954
43115548,32954
42520048,32954
43032272,32954
43039253,32954
42693284,40109
42742454,40109
43099370,32954
42968079,32954
39003452,40109
42896412,32954
42746594,40109
42827019,40109
41061539,40109
43086800,40109
42645188,40109
42544571,32954
40525592,40109
42463256,40109
43087984,32954
42442792,40109
42983921,40109
42447709,40109
42786948,40109
42847426,40109
40566496,40109
42846864,40109
43038485,40109
40277520,40109
43095498,32954
42699339,40109
42590051,40109
41454455,40109
42399154,40109
38134481,40109
42547920,40109
42823668,32954
42896920,40109
43040605,40109
42818943,32954
42943659,32954
42963822,40109
42902366,32954
42586744,40109
39016916,40109
40042527,40109
42856840,40109
42484972,40109
42902798,40109
43134234,32954
42761926,32954
42297492,40109
42808254,40109
42823841,32954
43067336,40109
43138827,40109
42640781,40109
42640225,40109
42613885,40109
42584575,40109
42939296,32954
43048583,40109
42871114,32954
42920790,40109
42792114,40109
42928652,40109
42888097,32954
43035156,32954
42964968,40109
43094030,32954
42739942,40109
43046783,40109
43096974,32954
42850141,32954
37775466,40109
41749497,40109
42970478,32954
43090807,32954
42755569,40109
42568959,40109
42900220,40109
42865969,71778
42587534,40109
42928722,40109
42794615,71778
42992846,32954
42839453,71778
41772495,40109
42782106,40109
42855447,40109
42965436,40109
42588521,32954
42586490,32954
42738214,32954
42978932,32954
38457470,40109
42742275,32954
42713180,71778
42688482,40109
42714903,40109
41427557,40109
42823587,40109
42821222,40109
42440718,32954
43143369,32954
41633497,32954
42769326,32954
42603129,40109
42491816,40109
41744495,32954
42806824,40109
42585259,40109
43046463,32954
42970758,32954
37666456,40109
43120219,40109
42819928,32954
37994476,40109
43008848,40109
42984502,40109
42769280,40109
37449467,40109
42853855,40109
41456485,40109
39656453,32954
39373478,40109
42847967,32954
42453792,40109
42989553,40109
42935341,32954
42946837,32954
42901562,40109
42948404,32954
43120993,40109
42462559,40109
42704350,40109
40838489,40109
42490762,40109
43133570,32954
43145279,40109
42901181,32954
43048515,32954
42639868,32954
42839146,32954
42687859,40109
42915069,32954
42959467,40109
42516723,40109
43077228,32954
37178494,32954
42702100,40109
39955473,40109
42681581,40109
41695479,32954
43024977,32954
40519474,40109
42927382,40109
43052902,32954
40789482,40109
39948512,32954
42841786,40109
40169475,71778
42550573,40109
42455300,40109
43103082,32954
43005472,40109
43012913,32954
42845920,71778
42644877,32954
42978482,32954
43016085,32954
42930090,32954
42635730,32954
42802555,32954
42462800,32954
42666236,32954
42911284,32954
42614421,32954
43029832,32954
43132556,32954
42758162,32954
42902397,32954
42721086,32954
42955597,32954
42572703,32954
42786054,71778
42529639,32954
42754000,32954
43130317,32954
41167570,32954
42892704,32954
42448858,32954
43026424,32954
43133208,32954
42999729,32954
43125151,32954
42548603,32954
42885182,32954
43029875,32954
42880428,32954
42611725,32954
42965403,32954
43073704,32954
43131206,71778
42716591,71778
43098910,32954
42497216,32954
42770110,32954
42280497,32954
42921063,32954
43135399,32954
42977044,32954
42585147,32954
42773860,32954
43130211,32954
42968174,32954
42896037,71778
43040760,32954
42776999,32954
43017822,32954
42796694,32954
42603841,71778
42951555,32954
43131767,32954
42956467,32954
42497469,32954
42999652,32954
42966057,32954
39062541,32954
43108934,32954
42963845,32954
42974067,32954
42753444,32954
42857056,32954
40455468,32954
43087000,32954
43009944,32954
42784151,32954
39287466,32954
42509916,32954
42522586,32954
38689479,71778
42930607,32954
42873561,32954
42635791,71778
42997492,32954
42413573,71778
42464814,71778
42811651,32954
42743741,32954
42873657,71778
42826085,32954
43146764,32954
42469555,71778
40176641,32954
43101783,71778
42693235,32954
42594710,32954
40362483,32954
40086474,32954
42442778,32954
42696534,32954
42450596,32954
42767295,32954
42555610,32954
42872820,71778
42441266,32954
43088948,32954
42985291,32954
43118731,71778
43104798,32954
42712099,32954
42484785,71778
42866304,32954
43045109,32954
43094941,32954
42963817,32954
42755874,32954
43141357,32954
42988507,32954
42703378,32954
42990709,32954
42467910,71778
43101816,32954
41339502,71778
42992580,32954
42859780,32954
42642844,32954
42858534,32954
42930455,32954
42407571,32954
43043519,32954
41414548,71778
43081214,71778
43001785,32954
42773367,32954
42814992,32954
43023694,32954
43134166,32954
43072980,32954
42481921,32954
43086719,32954
42901957,32954
43036189,71778
40692464,71778
42056488,71778
42511299,71778
42992764,71778
42431888,71778
42841345,71778
41705493,71778
40676491,71778
40512542,71778
42677409,71778
40816477,71778
43122318,71778
42888636,71778
43057884,71778
43039632,71778
42417039,71778
40978469,71778
42559502,71778
42684269,71778
42913153,71778
41371490,71778
42654984,71778
43000467,71778
42963895,71778
42896308,71778
42652489,71778
42453884,71778
42769889,71778
42485983,71778
42508378,71778
43143391,71778
42607254,71778
42836106,71778
42464319,71778
43017253,71778
42543556,71778
42742124,71778
43132793,71778
41428481,71778
42961574,71778
42725153,71778
43033245,71778
42651463,71778
42821706,71778
42674036,71778
42540953,71778
42780605,71778
43120120,71778
42399212,71778
43145415,71778
42516453,71778
43074587,71778
42606903,71778
42460438,71778
41370495,71778
42144468,71778
41497454,71778
42953714,71778
42454562,71778
43146924,71778
41131490,71778
43093704,71778
41163641,71778
42711725,71778
43126353,71778
42950668,71778
43129559,71778
41802477,71778
42457761,71778
42453598,71778
42699420,71778
42785606,71778
42798758,71778
43063619,71778
42082453,71778
42236488,71778
42677081,71778
43015494,71778
42540547,71778
42527148,71778
42807938,71778
42773564,71778
42667993,71778
