signature_id,vehicle_line,causal_part,arch,arch_theme,n,status,confidence,gt_score,solution_consensus,cost_consensus,labor_consensus,cost_med,cost_q25,cost_q75,labor_med,labor_q25,labor_q75,parts_modal_set,parts_modal_support,recall_share
5804,C520 FOE [12-21],6009,9,"por, del, gracias, para, gracias por, reclamo, que, esta",82,GOLD,0.899,0.939,0.878,,0.8780487804878049,,,,13.7,13.7,15.18,"1381967,4709817,CJ5Z8255A,CORE 6006,CV6Z9450E,EJ7Z9448B,J2GZ6006E,KX6Z8678A,1L5Z6379AA,CCPZ3B477G,FT4Z6N652D,W711137S442,W712458S900,W713095S450,W715323S300,W715618S437,W715674S439,W717674S439,YS4Z3N324AA,6009,4513449,5098227,6518101,MXO5W30B,BG9Z9229A",0.01,0.0
52472,U502N EXPLORER [11-19],6051,47,"long block, block, long, replace long, engine, oil, coolant, cylinder",109,GOLD,0.871,0.871,0.807,0.8333333333333334,0.7798165137614679,56740.15,48634.25,63397.86,18.6,16.0,22.4,,,0.0
5026,C489N MKC [15-19],6009,57,"rental, repair, days, yes, warranty, rental comments, categeory, comments",99,GOLD,0.863,0.865,0.798,0.6767676767676768,0.9191919191919192,9217.96,7482.67,10402.73,14.8,14.3,15.4,,,0.0
32954,P552N F-150 [15-20],6148,47,"long block, block, long, replace long, engine, oil, coolant, cylinder",961,GOLD,0.853,0.853,0.779,0.7923875432525952,0.7653806047966631,56755.55,46735.0,64822.01,16.8,15.3,20.3,HL3Z6006DARM,1.0,0.0
32994,P552N F-150 [15-20],6211,47,"long block, block, long, replace long, engine, oil, coolant, cylinder",210,GOLD,0.849,0.849,0.773,0.7954545454545454,0.7511961722488039,57292.12,45233.87,67519.4,18.3,15.9,21.8,,,0.0
32957,P552N F-150 [15-20],6148,54,"labor hours, hours, labor, amendment request, amendment, scheduled labor, changed, scheduled",100,GOLD,0.847,0.847,0.77,0.76,0.78,63640.81,50053.74,66873.4,17.65,15.6,20.55,,,0.0
33386,P552N F-150 [15-20],6600,47,"long block, block, long, replace long, engine, oil, coolant, cylinder",236,GOLD,0.836,0.836,0.753,0.7735849056603774,0.7330508474576272,54285.99,44895.22,63858.01,18.55,16.48,22.92,"VC13DLG,JX6Z9229A,7L1Z4B496D,JR3Z9J323B,W714869S431,W718644S439,AA5Z6714B,FR3Z9448A,JL3Z6379A,XO5W20BSP,FT4Z9E583A,JR3Z9J323A,ML3Z6A642D,W520113S440,W520514S440,W713244S439,W714735S439,W714870S430,W715211S439,W715618S437,HL3Z6006DARM,N808684,7L1Z4B496C,W716530S440,W718645S900",1.0,0.0
10375,CD391N FUSION [13-20],6009,57,"rental, repair, days, yes, warranty, rental comments, categeory, comments",101,GOLD,0.829,0.829,0.744,0.5875,0.900990099009901,8673.65,6111.18,9928.72,19.8,19.2,20.3,,,0.1
66145,U625N EXPLORER [20-27],6211,47,"long block, block, long, replace long, engine, oil, coolant, cylinder",176,GOLD,0.826,0.826,0.739,0.6145833333333334,0.8636363636363636,50403.62,41011.22,59650.78,24.9,22.4,27.8,,,0.0
46913,S550N MUSTANG [15-23],6148,47,"long block, block, long, replace long, engine, oil, coolant, cylinder",64,GOLD,0.825,0.914,0.871,0.9285714285714286,0.8125,56061.16,49743.71,62277.16,15.4,14.0,18.45,,,0.0
32922,P552N F-150 [15-20],6108,47,"long block, block, long, replace long, engine, oil, coolant, cylinder",125,GOLD,0.823,0.823,0.735,0.717948717948718,0.752,56186.83,49875.78,62694.71,17.4,15.3,20.7,"aa5z6714a,br3z8255b,jl3z6584C,xo5w20dsp,w714870s430,br3z8255a,jl3z9439a,w714869s431,HL3Z6006DARM,vc13g,f1vy8507a,jl3z6584D,jl3z6079ab",1.0,0.0
33141,P552N F-150 [15-20],6333,47,"long block, block, long, replace long, engine, oil, coolant, cylinder",81,GOLD,0.812,0.851,0.777,0.8,0.7530864197530864,53680.41,47562.95,62105.21,18.1,16.0,22.1,,,0.01
32837,P552N F-150 [15-20],6049,47,"long block, block, long, replace long, engine, oil, coolant, cylinder",157,GOLD,0.811,0.811,0.716,0.6938775510204082,0.7388535031847133,54057.44,45702.59,62487.99,17.7,16.0,22.2,"hl3z8507a,hl7z6006b,w713244s439,w714735s439,hl7z9448b,715211s439",1.0,0.0
14641,CD539N EDGE [15-24],6009,47,"long block, block, long, replace long, engine, oil, coolant, cylinder",3261,GOLD,0.806,0.806,0.709,0.4950617283950617,0.9229825099723842,25188.16,19117.46,31943.1,15.2,14.0,16.2,"3M4Z8255A,CJ5Z8255A,J2GZ6079C,XO5W30BSP,W520214S440,W704474S437,TA26,VC13G,1S7Z6375D,DISTWATER,J2GZ6006E,1S7Z6B752AA,W712458S900,CJ5Z9439A,KX6Z8678A",0.05,0.0
32955,P552N F-150 [15-20],6148,49,"cylinder, head, cylinder head, engine, block, coolant, head gasket, compression",104,GOLD,0.805,0.805,0.707,0.6,0.8137254901960784,52619.55,38851.3,60035.56,18.7,15.82,22.1,"7L1Z4B496C,FT4Z6N652D,FT4Z6N652E,FT4Z6N652G,JT4Z6N652A,JT4Z6N652B,JT4Z9E464A,HL3Z6006DRM,W520514S440,W716383S437,JT4Z8527C,XO5W30DSP,FT4Z6N652F,JT4Z6C683A,JT4Z9E464B,W713244S439,W716117S437,W716530S440,JT4Z8527A,JT4Z8527B,JT4Z9448D,KU2Z6731A,7L1Z4B496D,FL3Z5C226A,JT4Z9E933B",1.0,0.0
14623,CD539N EDGE [15-24],6009,3,"rental, turbo, days, rental days, completion, date, completion date, repair completion",155,GOLD,0.804,0.804,0.706,0.477124183006536,0.935483870967742,25655.66,18180.8,31915.68,15.2,14.0,16.0,"VC13G,AA5Z9E583A,CCPZ3B477B,EJ7Z9J323B,X05W30Q1SP,DS7Z19B596A,W520216S440,W704474S437,W713095S450,W713212S300,W716841S900,TA26,BG9Z9229A,CV6Z9450E,EJ7Z9448B,J2GZ6006E,KX6Z8678A,BB5Z6C683A,BE8Z6731AB,EJ7Z6L612A,EJ7Z6N652A,FT4Z6N652D,W500313S437,W500545S439,W520214S440",1.0,0.0
21586,D258N TAURUS [10-19],8501,21,"water pump, water, pump, engine, coolant, repair, replace water, cooling",556,GOLD,0.804,0.804,0.707,0.6146616541353384,0.7985611510791367,2537.9,2148.84,3010.89,9.0,9.0,10.7,"C738F,BR3Z6584B,BR3Z6584C,VC13G,HL3Z6A340A,DG1Z8501D,FL500SB12,XO5W20BSP",1.0,0.0
58393,U553N EXPEDITION [18-24],6256,57,"rental, repair, days, yes, warranty, rental comments, categeory, comments",128,GOLD,0.802,0.802,0.703,0.65,0.7559055118110236,3542.75,3012.36,4075.09,10.3,9.8,12.65,,,0.02
7346,C520N ESCAPE [13-19],6009,10,"engine, oil, repair, engine oil, torn, good engine, coolant, condition good",147,GOLD,0.8,0.8,0.7,0.6481481481481481,0.7517241379310344,8099.42,6796.56,8811.72,20.9,17.4,21.8,,,0.05
14645,CD539N EDGE [15-24],6009,57,"rental, repair, days, yes, warranty, rental comments, categeory, comments",83,GOLD,0.798,0.832,0.748,0.6419753086419753,0.8536585365853658,9114.09,8127.04,10972.35,15.2,14.0,16.38,J2GZ6006E,1.0,0.0
7366,C520N ESCAPE [13-19],6009,47,"long block, block, long, replace long, engine, oil, coolant, cylinder",1739,GOLD,0.794,0.794,0.691,0.495575221238938,0.8854346574553829,26627.53,20248.65,33775.27,16.1,14.9,16.9,J2GZ6006E,0.27,0.0
7372,C520N ESCAPE [13-19],6009,57,"rental, repair, days, yes, warranty, rental comments, categeory, comments",277,GOLD,0.792,0.792,0.688,0.5045045045045045,0.8708487084870848,8027.13,6195.05,10008.56,21.2,20.0,21.8,"XL5A,VC13G,ZC31B,SP539X,DS7Z6079G,XO5W30Q1SP,XS6E6626AA,ZC20,TA25B,BM5Z8527A,6M5Z6B752A,DS7Z9P867A,W714789S300,XL2,PM4A,TA26,TA357,ZC30A,DS7Z6009G,DS7Z9439A,DS7Z9L438A,CU7Z19B508A",1.0,0.15
28473,P473N SUPER DUTY [11-16],6710,38,"oil, oil pan, pan, engine, oil leak, repair, engine oil, leak",120,GOLD,0.791,0.791,0.687,0.6239316239316239,0.75,2585.78,2206.67,3075.09,10.65,9.7,12.98,,,0.02
22823,D471N FLEX [09-19],8501,21,"water pump, water, pump, engine, coolant, repair, replace water, cooling",266,GOLD,0.789,0.789,0.684,0.5748031496062992,0.793233082706767,2903.57,2488.11,3539.92,9.7,9.2,11.2,,,0.0
53958,U502N EXPLORER [11-19],8501,21,"water pump, water, pump, engine, coolant, repair, replace water, cooling",5227,GOLD,0.788,0.788,0.682,0.5859328432346513,0.7784798008807199,2623.7,2198.02,3226.59,9.2,8.6,11.0,"AT4Z6279D,AT4Z6279E,DL3Z19B596B,VC13DLG,DG1Z8507B,AT4Z9H486A,HL3Z6A340A,XW4Z6700AA,W714682S442,AA5Z6714A,BR3Z6584B,BR3Z6584C,DG1Z8501D,F2GZ1A189A,W712507S439",0.08,0.0
71778,V408E TRANSIT CONNECT [13-24],7N473,53,"transmission, repair, fluid, torn, transmission fluid, transmission repair, automatic transmission, automatic",172,GOLD,0.786,0.786,0.679,0.5283018867924528,0.8304093567251462,6300.77,5022.51,8332.35,17.5,16.7,20.05,,,0.01
53366,U502N EXPLORER [11-19],7902,3,"rental, turbo, days, rental days, completion, date, completion date, repair completion",102,GOLD,0.784,0.784,0.676,0.5392156862745098,0.8137254901960784,12451.0,9812.52,16349.02,15.4,13.4,16.3,,,0.01
10371,CD391N FUSION [13-20],6009,47,"long block, block, long, replace long, engine, oil, coolant, cylinder",711,GOLD,0.783,0.783,0.674,0.4568081991215227,0.8913963328631875,24735.7,19056.55,33529.04,15.0,14.0,15.8,"1472863,CJ5Z6582B,CJ5Z8255A,J2GZ6006E,AA5Z9E583A,CORE 6K682,DG9Z7G273B,FT4Z6N652D,FT4Z6N652E,W713095S403,W715618S437,4709817,BB5Z6584A,CV6Z9450E,EJ7Z9276B,MVC3DG50L,1S7Z8507AE,BB5Z1S177C,CCPZ3B477B,EJ7Z6A785B,EJ7Z6L612A,EJ7Z6N652A,HG9Z5E212D,1S7Z6A340AA,W520103S442",0.14,0.0
35063,P552N F-150 [15-20],7H351,25,"tech findings, findings, tech, repair, history checked, matches, checked, causal",68,GOLD,0.783,0.855,0.783,0.7424242424242424,0.8235294117647058,5947.82,4863.58,6517.73,19.85,17.98,21.82,,,0.0
16055,CD539N EDGE [15-24],9F464,10,"engine, oil, repair, engine oil, torn, good engine, coolant, condition good",98,GOLD,0.781,0.784,0.675,0.5955056179775281,0.7551020408163265,1244.15,1092.42,1548.41,3.6,3.6,4.5,"K2GZ6758G,K2GZ9D476A,K2GZ9D476B,K2GZ9E464D,K2GZ9F464B",1.0,0.0
33025,P552N F-150 [15-20],6256,9,"por, del, gracias, para, gracias por, reclamo, que, esta",248,GOLD,0.781,0.781,0.672,0.514018691588785,0.8299595141700404,51431.02,10335.15,61116.78,9.7,9.6,10.75,FSAPRTPR,0.01,0.0
12506,CD533N MKZ [13-20],6009,47,"long block, block, long, replace long, engine, oil, coolant, cylinder",260,GOLD,0.78,0.78,0.67,0.4325396825396825,0.9073359073359072,23714.6,17881.2,33394.52,15.0,13.6,15.8,"J2GZ6006E,VC13DLG,SAE 5W 30 API GF 5,J2GZ6079B,W704474S437",0.33,0.0
56058,U540N MKX [16-23],8501,21,"water pump, water, pump, engine, coolant, repair, replace water, cooling",195,GOLD,0.779,0.779,0.668,0.5869565217391305,0.7487179487179487,3098.85,2582.48,3747.24,10.9,10.4,13.6,,,0.0
69174,V363N TRANSIT [14-27],18A484,34,"yes, repair, verified, dealer, categeory, match, contract, repair completed",213,GOLD,0.779,0.779,0.669,0.7474747474747475,0.589622641509434,2824.71,2617.76,3308.15,7.75,6.5,12.12,,,0.0
5021,C489N MKC [15-19],6009,47,"long block, block, long, replace long, engine, oil, coolant, cylinder",351,GOLD,0.777,0.777,0.665,0.43952802359882,0.8911174785100286,24333.69,17617.74,31372.25,15.1,14.3,16.0,"1782809,5098227,KX6Z8678A,1L5Z6379AA,AA5Z9E583A,CCPZ3B477G,CN1Z7H424B,EJ7Z6N652A,FT4Z6N652B,W500313S437,W713095S450,W715135S440,W718250S439,MVC13G,BG9Z9229A,CV6Z7086B,CV6Z9450E,EJ7Z9448B,5F9Z4682AA,9L8Z6G004E,FT4Z6N652A,W713212S300,W714265S442,W715323S300,YS4Z3N324AA",0.17,0.0
15835,CD539N EDGE [15-24],8501,21,"water pump, water, pump, engine, coolant, repair, replace water, cooling",221,GOLD,0.777,0.777,0.666,0.5674418604651162,0.7647058823529411,3183.62,2545.92,3911.47,11.0,10.5,12.8,,,0.0
67240,U625N EXPLORER [20-27],7N169,53,"transmission, repair, fluid, torn, transmission fluid, transmission repair, automatic transmission, automatic",190,GOLD,0.776,0.776,0.663,0.6373626373626373,0.6894736842105263,3992.42,3237.11,4900.09,9.3,8.7,13.0,,,0.01
8523,C520N ESCAPE [13-19],7G384,53,"transmission, repair, fluid, torn, transmission fluid, transmission repair, automatic transmission, automatic",81,GOLD,0.775,0.812,0.718,0.56,0.8765432098765432,5888.42,5048.88,7027.33,15.5,14.5,17.0,,,0.0
28440,P473N SUPER DUTY [11-16],6675,38,"oil, oil pan, pan, engine, oil leak, repair, engine oil, leak",124,GOLD,0.775,0.775,0.662,0.5932203389830508,0.7317073170731707,3137.89,2569.05,3843.67,11.5,10.2,14.3,,,0.01
58364,U553N EXPEDITION [18-24],6256,3,"rental, turbo, days, rental days, completion, date, completion date, repair completion",274,GOLD,0.775,0.775,0.662,0.5666666666666667,0.7582417582417582,6007.89,5134.58,7631.42,10.4,9.8,12.9,"br3z6c535a,hl3z6256cd",1.0,0.03
7348,C520N ESCAPE [13-19],6009,13,"bumper, rental, bumper bumper, loaner, repair, days, yes, bumper days",76,GOLD,0.773,0.822,0.733,0.6376811594202898,0.8289473684210527,8817.75,7213.71,9766.24,21.2,19.7,22.12,,,0.07
35077,P552N F-150 [15-20],7H351,57,"rental, repair, days, yes, warranty, rental comments, categeory, comments",180,GOLD,0.771,0.771,0.656,0.5738636363636364,0.7388888888888889,6729.06,5568.47,8328.81,19.7,16.95,22.4,,,0.0
14643,CD539N EDGE [15-24],6009,54,"labor hours, hours, labor, amendment request, amendment, scheduled labor, changed, scheduled",185,GOLD,0.77,0.77,0.655,0.3967391304347826,0.9135135135135136,26829.0,18126.35,34597.01,15.8,14.3,16.0,,,0.01
62259,U554N NAVIGATOR [18-24],7H351,53,"transmission, repair, fluid, torn, transmission fluid, transmission repair, automatic transmission, automatic",152,GOLD,0.77,0.77,0.656,0.626984126984127,0.6842105263157895,6839.04,5480.32,7996.64,19.9,17.98,24.2,"7L1Z4B496 C,HL3Z 7D403A,HL3Z 7A248 A,HL3Z 7A548 A,HL3Z 7D404 A,JL1Z 7Z490 C,W715618 S437,W716375 S900,W718353 S900,XT 12 QULV,HL3Z 7D01 A,HL3Z 7A098 A,HL3Z 7A262 C,HL3Z 7A548 G,HL3Z 7B067 E,HL3Z 7G199 A,JL3Z 7H351 B,W715131 S437,WL1Z 4B496 D,VC 13 G,HL3Z 7A548 B,HL3Z 7D403 A,HL3Z 7G242 A,JL3Z 7N134 A,N811880 S100",1.0,0.0
22827,D471N FLEX [09-19],8501,39,"water pump, water, pump, replace water, coolant, leaking, pump leaking, pressure",338,GOLD,0.766,0.766,0.649,0.4924924924924925,0.8047337278106509,4848.88,3718.77,6303.93,10.1,9.2,11.8,,,0.0
26334,P375N RANGER [19-23],18478,34,"yes, repair, verified, dealer, categeory, match, contract, repair completed",200,GOLD,0.766,0.766,0.649,0.5235602094240838,0.775,1859.33,1429.78,2345.34,5.4,4.7,6.28,KB3Z18478B,1.0,0.0
52542,U502N EXPLORER [11-19],6211,47,"long block, block, long, replace long, engine, oil, coolant, cylinder",77,GOLD,0.766,0.812,0.718,0.7096774193548387,0.7272727272727273,50435.32,40236.24,58509.56,19.4,15.4,22.6,,,0.0
33035,P552N F-150 [15-20],6256,25,"tech findings, findings, tech, repair, history checked, matches, checked, causal",109,GOLD,0.765,0.765,0.647,0.57,0.7247706422018348,3261.02,2643.05,3932.37,10.5,9.6,13.2,,,0.01
48810,U222N EXPEDITION [02-17],4947,5,"rear, differential, pinion, noise, diff, rear differential, replace rear, axle",109,GOLD,0.764,0.764,0.645,0.5566037735849056,0.7339449541284404,3859.31,2989.55,4750.24,7.4,6.4,9.4,"9L3Z4947D,TA357,XL3,XY75W85QL",1.0,0.0
56063,U540N MKX [16-23],8501,39,"water pump, water, pump, replace water, coolant, leaking, pump leaking, pressure",206,GOLD,0.764,0.764,0.646,0.5317073170731708,0.7609756097560976,6097.0,4819.07,7635.91,11.2,10.5,13.1,"GG1Z*8501*D,F5RZ*6A340*B,XW4Z*6700*AA",0.25,0.0
21591,D258N TAURUS [10-19],8501,39,"water pump, water, pump, replace water, coolant, leaking, pump leaking, pressure",492,GOLD,0.761,0.761,0.642,0.4549180327868852,0.8285714285714286,4585.84,3500.19,6013.25,9.4,9.0,10.8,"5102307010,5102407010,9011916015,5103607010,5110007035,5221306080,5221606060,9OO8011470",0.33,0.0
53972,U502N EXPLORER [11-19],8501,54,"labor hours, hours, labor, amendment request, amendment, scheduled labor, changed, scheduled",138,GOLD,0.761,0.761,0.641,0.4772727272727273,0.8043478260869565,5945.84,4439.06,7668.63,10.2,9.1,12.4,,,0.0
59408,U553N EXPEDITION [18-24],7H351,57,"rental, repair, days, yes, warranty, rental comments, categeory, comments",103,GOLD,0.761,0.761,0.642,0.5196078431372549,0.7647058823529411,6995.89,5177.13,8618.76,19.6,17.7,22.6,JL3Z7H351B,1.0,0.0
30466,P552N F-150 [15-20],16502C22,34,"yes, repair, verified, dealer, categeory, match, contract, repair completed",104,GOLD,0.76,0.76,0.64,0.6853932584269663,0.594059405940594,4913.94,4297.82,5526.99,7.7,6.7,10.7,16502c22,0.5,0.0
61678,U554N NAVIGATOR [18-24],6256,57,"rental, repair, days, yes, warranty, rental comments, categeory, comments",87,GOLD,0.76,0.784,0.677,0.5833333333333334,0.7701149425287356,3743.11,2780.92,4487.75,11.3,9.8,13.5,"ZC20,ZC30A,ZC31B,FL500SB12,HL3Z6279B,HL3Z8527B,HL3Z9417A,HL3Z9439C,ML3Z6256A,AA5Z9E583A,BR3Z6C535A,HL3Z9H486A,HL3Z9J323C,W503280S437,PM4A,TA57,VC13G,BR3Z6020A,HL3Z8590A,ML3Z6584G,HL3Z6A340A,ML3Z6C525A,BL3Z9374A,BR3Z8527A,HL3Z6584A",1.0,0.0
27031,P375N RANGER [19-23],7H351,41,"main control, main, transmission, adaptive, harsh, tsb, control, cycle",134,GOLD,0.759,0.759,0.639,0.4198473282442748,0.8582089552238806,10318.92,7607.06,13749.5,20.2,18.5,21.9,,,0.0
69971,V363N TRANSIT [14-27],6211,47,"long block, block, long, replace long, engine, oil, coolant, cylinder",55,GOLD,0.759,0.872,0.807,0.8148148148148148,0.8,57018.24,47882.45,61956.68,19.0,16.15,22.3,,,0.0
33058,P552N F-150 [15-20],6256,57,"rental, repair, days, yes, warranty, rental comments, categeory, comments",340,GOLD,0.758,0.758,0.637,0.5806451612903226,0.6925373134328359,3477.73,2839.18,4225.21,10.1,9.6,13.2,ML3Z*6256,1.0,0.01
3946,C346N FOCUS [12-18],7B546,53,"transmission, repair, fluid, torn, transmission fluid, transmission repair, automatic transmission, automatic",691,GOLD,0.757,0.757,0.636,0.5195246179966044,0.752906976744186,2560.66,1961.96,3186.04,6.6,5.9,8.0,"7052,7b546,xt11qdc",0.25,0.0
5312,C489N MKC [15-19],7902,53,"transmission, repair, fluid, torn, transmission fluid, transmission repair, automatic transmission, automatic",134,GOLD,0.756,0.756,0.634,0.4913793103448275,0.7761194029850746,6260.41,5190.28,8085.29,16.4,15.02,18.3,,,0.0
