state,veh_line_desc,part,cond_cd,dealer,n,dealer_med,consensus_med,vs_consensus,cell_claims
MI,CX482N ESCAPE [20-26],7820125,61,DLR-0202,35,2128.65,288.47,7.38,32342
MI,CX482N ESCAPE [20-26],7820125,61,DLR-0061,248,1483.2,288.47,5.14,32342
MI,CX482N ESCAPE [20-26],7820125,61,DLR-0199,16,1470.4,288.47,5.1,32342
MI,U625N EXPLORER [20-27],14G371,42,DLR-0119,16,947.33,424.47,2.23,27326
FL,P702N F150 [21-27],RENTAL,82,DLR-0134,415,428.22,171.29,2.5,24935
FL,P702N F150 [21-27],RENTAL,82,DLR-0128,232,385.4,171.29,2.25,24935
FL,P702N F150 [21-27],RENTAL,82,DLR-0122,1119,385.4,171.29,2.25,24935
FL,P702N F150 [21-27],RENTAL,82,DLR-0016,745,321.17,171.29,1.88,24935
FL,P702N F150 [21-27],RENTAL,82,DLR-0118,823,321.17,171.29,1.88,24935
FL,P702N F150 [21-27],RENTAL,82,DLR-0139,19,321.17,171.29,1.88,24935
FL,U611N AVIATOR [20-27],DELIVERY,82,DLR-0120,165,205.03,101.35,2.02,23100
IL,CX482N ESCAPE [20-26],7820125,61,DLR-0172,20,1583.49,450.68,3.51,19444
IL,CX482N ESCAPE [20-26],7820125,61,DLR-0220,163,1510.15,450.68,3.35,19444
CA,CX482N ESCAPE [20-26],7820125,61,DLR-0131,118,2666.73,395.25,6.75,19368
CA,CX482N ESCAPE [20-26],7820125,61,DLR-0163,19,1836.3,395.25,4.65,19368
CA,CX482N ESCAPE [20-26],7820125,61,DLR-0183,55,1235.83,395.25,3.13,19368
PA,CX482N ESCAPE [20-26],7820125,61,DLR-0021,89,1740.3,288.57,6.03,19188
PA,CX482N ESCAPE [20-26],7820125,61,DLR-0157,70,1490.51,288.57,5.17,19188
FL,CX483N CORSAIR [20-26],DELIVERY,82,DLR-0216,715,196.03,82.08,2.39,18517
FL,CX483N CORSAIR [20-26],DELIVERY,82,DLR-0120,192,181.14,82.08,2.21,18517
OH,CX482N ESCAPE [20-26],7820125,61,DLR-0013,46,2378.67,293.6,8.1,18254
OH,CX482N ESCAPE [20-26],7820125,61,DLR-0046,15,2212.58,293.6,7.54,18254
OH,CX482N ESCAPE [20-26],7820125,61,DLR-0033,107,2126.18,293.6,7.24,18254
OH,CX482N ESCAPE [20-26],7820125,61,DLR-0028,92,2098.07,293.6,7.15,18254
OH,CX482N ESCAPE [20-26],7820125,61,DLR-0204,64,2014.0,293.6,6.86,18254
OH,CX482N ESCAPE [20-26],7820125,61,DLR-0019,99,1898.28,293.6,6.47,18254
OH,CX482N ESCAPE [20-26],7820125,61,DLR-0031,77,1727.68,293.6,5.88,18254
OH,CX482N ESCAPE [20-26],7820125,61,DLR-0032,22,1515.82,293.6,5.16,18254
OH,CX482N ESCAPE [20-26],7820125,61,DLR-0034,84,648.62,293.6,2.21,18254
OH,CX482N ESCAPE [20-26],7820125,61,DLR-0075,130,548.67,293.6,1.87,18254
TX,P702N F150 [21-27],RENTAL,82,DLR-0048,71,428.22,228.38,1.88,17788
TX,P702N F150 [21-27],RENTAL,82,DLR-0042,19,428.22,228.38,1.88,17788
TX,P702N F150 [21-27],RENTAL,82,DLR-0100,93,428.22,228.38,1.88,17788
TX,P702N F150 [21-27],RENTAL,82,DLR-0168,65,428.22,228.38,1.88,17788
TX,P702N F150 [21-27],RENTAL,82,DLR-0044,1275,428.22,228.38,1.88,17788
TX,P702N F150 [21-27],RENTAL,82,DLR-0107,452,428.22,228.38,1.88,17788
TX,U611N AVIATOR [20-27],DELIVERY,82,DLR-0218,95,214.74,49.96,4.3,17573
TX,U611N AVIATOR [20-27],DELIVERY,82,DLR-0210,1935,152.73,49.96,3.06,17573
TX,U611N AVIATOR [20-27],DELIVERY,82,DLR-0212,1525,114.19,49.96,2.29,17573
TX,U611N AVIATOR [20-27],DELIVERY,82,DLR-0088,15,103.49,49.96,2.07,17573
TX,U611N AVIATOR [20-27],DELIVERY,82,DLR-0162,93,103.49,49.96,2.07,17573
TX,U611N AVIATOR [20-27],DELIVERY,82,DLR-0209,2156,101.35,49.96,2.03,17573
TX,U611N AVIATOR [20-27],DELIVERY,82,DLR-0208,2047,101.35,49.96,2.03,17573
TX,P708 F250 - 600 [23-27],19703,42,DLR-0037,84,1650.6,174.86,9.44,17562
TX,P708 F250 - 600 [23-27],19703,42,DLR-0218,55,1178.09,174.86,6.74,17562
TX,P708 F250 - 600 [23-27],19703,42,DLR-0198,16,1139.15,174.86,6.51,17562
TX,P708 F250 - 600 [23-27],19703,42,DLR-0180,23,1049.72,174.86,6.0,17562
TX,P708 F250 - 600 [23-27],19703,42,DLR-0142,18,1036.93,174.86,5.93,17562
TX,P708 F250 - 600 [23-27],19703,42,DLR-0015,108,984.91,174.86,5.63,17562
TX,P708 F250 - 600 [23-27],19703,42,DLR-0062,58,957.95,174.86,5.48,17562
TX,P708 F250 - 600 [23-27],19703,42,DLR-0024,90,952.13,174.86,5.45,17562
TX,P708 F250 - 600 [23-27],19703,42,DLR-0073,65,874.87,174.86,5.0,17562
TX,P708 F250 - 600 [23-27],19703,42,DLR-0027,17,840.75,174.86,4.81,17562
TX,P708 F250 - 600 [23-27],19703,42,DLR-0036,36,829.45,174.86,4.74,17562
TX,P708 F250 - 600 [23-27],19703,42,DLR-0113,93,829.37,174.86,4.74,17562
TX,P708 F250 - 600 [23-27],19703,42,DLR-0049,26,827.49,174.86,4.73,17562
TX,P708 F250 - 600 [23-27],19703,42,DLR-0014,37,808.79,174.86,4.63,17562
TX,P708 F250 - 600 [23-27],19703,42,DLR-0149,16,795.48,174.86,4.55,17562
TX,P708 F250 - 600 [23-27],19703,42,DLR-0043,38,782.81,174.86,4.48,17562
TX,P708 F250 - 600 [23-27],19703,42,DLR-0156,31,777.87,174.86,4.45,17562
TX,P708 F250 - 600 [23-27],19703,42,DLR-0092,46,767.66,174.86,4.39,17562
TX,P708 F250 - 600 [23-27],19703,42,DLR-0086,17,751.7,174.86,4.3,17562
TX,P708 F250 - 600 [23-27],19703,42,DLR-0189,32,746.17,174.86,4.27,17562
TX,P708 F250 - 600 [23-27],19703,42,DLR-0039,37,725.01,174.86,4.15,17562
TX,P708 F250 - 600 [23-27],19703,42,DLR-0098,44,698.21,174.86,3.99,17562
TX,P708 F250 - 600 [23-27],19703,42,DLR-0081,22,678.51,174.86,3.88,17562
TX,P708 F250 - 600 [23-27],19703,42,DLR-0035,27,675.5,174.86,3.86,17562
TX,P708 F250 - 600 [23-27],19703,42,DLR-0109,44,669.94,174.86,3.83,17562
TX,P708 F250 - 600 [23-27],19703,42,DLR-0175,35,654.63,174.86,3.74,17562
TX,P708 F250 - 600 [23-27],19703,42,DLR-0047,42,650.39,174.86,3.72,17562
TX,P708 F250 - 600 [23-27],19703,42,DLR-0007,67,631.23,174.86,3.61,17562
TX,P708 F250 - 600 [23-27],19703,42,DLR-0150,15,595.37,174.86,3.4,17562
TX,P708 F250 - 600 [23-27],19703,42,DLR-0059,15,577.83,174.86,3.3,17562
TX,P708 F250 - 600 [23-27],19703,42,DLR-0097,100,550.72,174.86,3.15,17562
TX,P708 F250 - 600 [23-27],19703,42,DLR-0148,28,486.14,174.86,2.78,17562
TX,P708 F250 - 600 [23-27],19703,42,DLR-0102,22,484.62,174.86,2.77,17562
TX,P708 F250 - 600 [23-27],19703,42,DLR-0110,22,371.24,174.86,2.12,17562
FL,U554N NAVIGATOR [18-24],DELIVERY,82,DLR-0120,73,172.22,90.64,1.9,15879
TX,CX482N ESCAPE [20-26],7820125,61,DLR-0099,42,2200.89,334.11,6.59,14805
TX,CX482N ESCAPE [20-26],7820125,61,DLR-0064,25,2188.2,334.11,6.55,14805
TX,CX482N ESCAPE [20-26],7820125,61,DLR-0029,75,2106.07,334.11,6.3,14805
TX,CX482N ESCAPE [20-26],7820125,61,DLR-0113,67,2053.35,334.11,6.15,14805
TX,CX482N ESCAPE [20-26],7820125,61,DLR-0104,34,2047.31,334.11,6.13,14805
TX,CX482N ESCAPE [20-26],7820125,61,DLR-0136,17,1960.06,334.11,5.87,14805
TX,CX482N ESCAPE [20-26],7820125,61,DLR-0203,23,1859.62,334.11,5.57,14805
TX,CX482N ESCAPE [20-26],7820125,61,DLR-0156,41,1851.26,334.11,5.54,14805
TX,CX482N ESCAPE [20-26],7820125,61,DLR-0200,79,1783.11,334.11,5.34,14805
TX,CX482N ESCAPE [20-26],7820125,61,DLR-0073,17,1770.37,334.11,5.3,14805
TX,CX482N ESCAPE [20-26],7820125,61,DLR-0045,52,1665.93,334.11,4.99,14805
TX,CX482N ESCAPE [20-26],7820125,61,DLR-0092,43,1648.14,334.11,4.93,14805
TX,CX482N ESCAPE [20-26],7820125,61,DLR-0048,99,1607.11,334.11,4.81,14805
TX,CX482N ESCAPE [20-26],7820125,61,DLR-0155,37,1580.72,334.11,4.73,14805
TX,CX482N ESCAPE [20-26],7820125,61,DLR-0089,39,1507.12,334.11,4.51,14805
TX,CX482N ESCAPE [20-26],7820125,61,DLR-0154,113,1446.6,334.11,4.33,14805
TX,CX482N ESCAPE [20-26],7820125,61,DLR-0196,15,1445.4,334.11,4.33,14805
TX,CX482N ESCAPE [20-26],7820125,61,DLR-0095,37,754.14,334.11,2.26,14805
TX,CX482N ESCAPE [20-26],7820125,61,DLR-0110,26,742.25,334.11,2.22,14805
TX,U554N NAVIGATOR [18-24],DELIVERY,82,DLR-0218,27,196.42,49.96,3.93,14617
TX,U554N NAVIGATOR [18-24],DELIVERY,82,DLR-0210,1396,152.73,49.96,3.06,14617
TX,U554N NAVIGATOR [18-24],DELIVERY,82,DLR-0212,1303,114.19,49.96,2.29,14617
TX,U554N NAVIGATOR [18-24],DELIVERY,82,DLR-0088,15,103.49,49.96,2.07,14617
TX,U554N NAVIGATOR [18-24],DELIVERY,82,DLR-0039,81,103.49,49.96,2.07,14617
TX,U554N NAVIGATOR [18-24],DELIVERY,82,DLR-0162,38,103.49,49.96,2.07,14617
TX,U554N NAVIGATOR [18-24],DELIVERY,82,DLR-0209,1540,101.35,49.96,2.03,14617
TX,U554N NAVIGATOR [18-24],DELIVERY,82,DLR-0208,1444,101.35,49.96,2.03,14617
FL,CX482N ESCAPE [20-26],7820125,61,DLR-0213,26,1806.4,361.55,5.0,14508
FL,CX482N ESCAPE [20-26],7820125,61,DLR-0214,20,1775.84,361.55,4.91,14508
FL,CX482N ESCAPE [20-26],7820125,61,DLR-0082,32,1379.13,361.55,3.81,14508
FL,CX482N ESCAPE [20-26],7820125,61,DLR-0121,94,1023.22,361.55,2.83,14508
NY,CX482N ESCAPE [20-26],7820125,61,DLR-0076,20,2227.58,295.39,7.54,14435
NY,CX482N ESCAPE [20-26],7820125,61,DLR-0205,88,813.26,295.39,2.75,14435
NY,CX482N ESCAPE [20-26],7820125,61,DLR-0165,260,605.07,295.39,2.05,14435
NY,CX482N ESCAPE [20-26],7820125,61,DLR-0186,112,543.28,295.39,1.84,14435
MI,P702N F150 [21-27],RENTAL,82,DLR-0055,40,428.22,160.58,2.67,14317
MI,P702N F150 [21-27],RENTAL,82,DLR-0169,602,428.22,160.58,2.67,14317
MI,P702N F150 [21-27],RENTAL,82,DLR-0040,138,385.4,160.58,2.4,14317
MI,P702N F150 [21-27],RENTAL,82,DLR-0197,113,385.4,160.58,2.4,14317
MI,P702N F150 [21-27],RENTAL,82,DLR-0069,218,342.58,160.58,2.13,14317
MI,P702N F150 [21-27],RENTAL,82,DLR-0174,281,342.58,160.58,2.13,14317
MI,P702N F150 [21-27],RENTAL,82,DLR-0181,97,321.17,160.58,2.0,14317
MI,P702N F150 [21-27],RENTAL,82,DLR-0195,222,299.75,160.58,1.87,14317
MI,P702N F150 [21-27],RENTAL,82,DLR-0202,100,299.75,160.58,1.87,14317
FL,U540N MKX [16-23],DELIVERY,82,DLR-0120,72,154.09,82.08,1.88,14176
FL,U625N EXPLORER [20-27],RENTAL,82,DLR-0128,136,321.17,171.29,1.88,12654
FL,U625N EXPLORER [20-27],RENTAL,82,DLR-0158,220,321.17,171.29,1.88,12654
FL,U625N EXPLORER [20-27],RENTAL,82,DLR-0134,184,321.17,171.29,1.88,12654
FL,U611N AVIATOR [20-27],RENTAL,82,DLR-0158,183,256.93,131.32,1.96,12153
FL,U611N AVIATOR [20-27],RENTAL,82,DLR-0215,55,256.93,131.32,1.96,12153
FL,U611N AVIATOR [20-27],RENTAL,82,DLR-0206,807,256.93,131.32,1.96,12153
FL,U611N AVIATOR [20-27],RENTAL,82,DLR-0211,15,256.93,131.32,1.96,12153
CA,CX727N MACH-E [21-26],RENTAL,82,DLR-0164,68,385.4,199.84,1.93,11527
WI,CX482N ESCAPE [20-26],7820125,61,DLR-0006,30,1833.68,366.04,5.01,10895
WI,CX482N ESCAPE [20-26],7820125,61,DLR-0145,59,1797.08,366.04,4.91,10895
WI,CX482N ESCAPE [20-26],7820125,61,DLR-0078,79,1527.57,366.04,4.17,10895
TX,U611N AVIATOR [20-27],RENTAL,82,DLR-0029,191,359.7,174.86,2.06,10819
TX,U611N AVIATOR [20-27],RENTAL,82,DLR-0144,416,321.17,174.86,1.84,10819
MI,P702N F150 [21-27],10D672,42,DLR-0223,1026,3095.32,62.08,49.86,10471
MI,P702N F150 [21-27],10D672,42,DLR-0222,8470,2973.99,62.08,47.9,10471
MI,P702N F150 [21-27],10D672,42,DLR-0060,82,128.36,62.08,2.07,10471
TX,U554N NAVIGATOR [18-24],RENTAL,82,DLR-0029,99,565.25,192.7,2.93,10356
TX,U554N NAVIGATOR [18-24],RENTAL,82,DLR-0073,19,535.28,192.7,2.78,10356
TX,U554N NAVIGATOR [18-24],RENTAL,82,DLR-0144,414,411.09,192.7,2.13,10356
FL,U554N NAVIGATOR [18-24],RENTAL,82,DLR-0215,66,356.85,192.7,1.85,9838
MI,P702N F150 [21-27],10655,42,DLR-0169,81,413.73,135.6,3.05,9791
MI,P702N F150 [21-27],10655,42,DLR-0119,200,385.28,135.6,2.84,9791
MI,P702N F150 [21-27],10655,42,DLR-0065,28,332.19,135.6,2.45,9791
MI,P702N F150 [21-27],10655,42,DLR-0111,15,325.42,135.6,2.4,9791
MI,P702N F150 [21-27],10655,42,DLR-0056,28,315.33,135.6,2.33,9791
MI,P702N F150 [21-27],10655,42,DLR-0178,8543,281.03,135.6,2.07,9791
MI,P702N F150 [21-27],10655,42,DLR-0053,77,281.23,135.6,2.07,9791
MI,P702N F150 [21-27],10655,42,DLR-0052,36,269.66,135.6,1.99,9791
MI,P702N F150 [21-27],10655,42,DLR-0060,130,267.69,135.6,1.97,9791
TX,P558N SUPER DUTY [17-22],3E651,42,DLR-0161,120,184.73,99.0,1.87,9672
CA,P702N F150 [21-27],10D672,42,DLR-0124,17,3702.35,81.79,45.27,9342
CA,P702N F150 [21-27],10D672,42,DLR-0167,18,1305.64,81.79,15.96,9342
TX,CX483N CORSAIR [20-26],DELIVERY,82,DLR-0218,69,214.74,57.1,3.76,9339
TX,CX483N CORSAIR [20-26],DELIVERY,82,DLR-0210,1356,174.41,57.1,3.05,9339
TX,CX483N CORSAIR [20-26],DELIVERY,82,DLR-0039,61,103.49,57.1,1.81,9339
TX,U540N MKX [16-23],DELIVERY,82,DLR-0210,915,114.19,49.96,2.29,9077
TX,U540N MKX [16-23],DELIVERY,82,DLR-0088,16,103.49,49.96,2.07,9077
MI,CX482N ESCAPE [20-26],14529,91,DLR-0063,112,85.02,40.42,2.1,8929
MI,CX482N ESCAPE [20-26],14529,91,DLR-0058,21,81.86,40.42,2.03,8929
MI,CX482N ESCAPE [20-26],14529,91,DLR-0201,34,81.85,40.42,2.03,8929
MI,CX482N ESCAPE [20-26],14529,91,DLR-0053,76,81.6,40.42,2.02,8929
MI,CX482N ESCAPE [20-26],14529,91,DLR-0001,24,77.26,40.42,1.91,8929
MI,CX482N ESCAPE [20-26],14529,91,DLR-0057,19,76.39,40.42,1.89,8929
CA,P708 F250 - 600 [23-27],19703,42,DLR-0085,34,1290.01,208.83,6.18,8916
CA,P708 F250 - 600 [23-27],19703,42,DLR-0177,25,919.35,208.83,4.4,8916
CA,P708 F250 - 600 [23-27],19703,42,DLR-0066,34,881.99,208.83,4.22,8916
CA,P708 F250 - 600 [23-27],19703,42,DLR-0130,30,689.25,208.83,3.3,8916
MN,CX482N ESCAPE [20-26],7820125,61,DLR-0190,164,2180.1,300.11,7.26,8828
IN,CX482N ESCAPE [20-26],7820125,61,DLR-0117,52,1789.75,292.89,6.11,8695
IN,CX482N ESCAPE [20-26],7820125,61,DLR-0004,24,1762.5,292.89,6.02,8695
IN,CX482N ESCAPE [20-26],7820125,61,DLR-0011,52,1739.17,292.89,5.94,8695
IN,CX482N ESCAPE [20-26],7820125,61,DLR-0022,139,1090.69,292.89,3.72,8695
IN,CX482N ESCAPE [20-26],7820125,61,DLR-0114,175,630.07,292.89,2.15,8695
IN,CX482N ESCAPE [20-26],7820125,61,DLR-0116,94,557.76,292.89,1.9,8695
TX,U625N EXPLORER [20-27],14529,91,DLR-0092,31,78.56,42.03,1.87,8689
TX,U625N EXPLORER [20-27],14529,91,DLR-0094,18,75.83,42.03,1.8,8689
MI,CX482N ESCAPE [20-26],14G371,42,DLR-0051,37,875.92,267.38,3.28,8294
MI,CX482N ESCAPE [20-26],14G371,42,DLR-0143,51,649.8,267.38,2.43,8294
MI,CX482N ESCAPE [20-26],14G371,42,DLR-0063,19,526.43,267.38,1.97,8294
MI,CX482N ESCAPE [20-26],14G371,42,DLR-0023,16,523.66,267.38,1.96,8294
MI,CX482N ESCAPE [20-26],14G371,42,DLR-0141,29,523.9,267.38,1.96,8294
MI,CX482N ESCAPE [20-26],14G371,42,DLR-0054,30,522.49,267.38,1.95,8294
NJ,CX482N ESCAPE [20-26],7820125,61,DLR-0219,21,1937.77,341.02,5.68,8291
NJ,CX482N ESCAPE [20-26],7820125,61,DLR-0221,15,1664.79,341.02,4.88,8291
NJ,CX482N ESCAPE [20-26],7820125,61,DLR-0071,43,828.98,341.02,2.43,8291
NJ,CX482N ESCAPE [20-26],7820125,61,DLR-0017,235,710.4,341.02,2.08,8291
MI,U625N EXPLORER [20-27],RENTAL,82,DLR-0181,42,321.17,160.58,2.0,8128
MI,U625N EXPLORER [20-27],RENTAL,82,DLR-0069,89,289.05,160.58,1.8,8128
MI,U625N EXPLORER [20-27],RENTAL,82,DLR-0040,66,289.05,160.58,1.8,8128
CA,U625N EXPLORER [20-27],14G371,04,DLR-0003,41,399.36,58.38,6.84,7966
CA,U625N EXPLORER [20-27],14G371,04,DLR-0176,69,194.84,58.38,3.34,7966
FL,P552N F-150 [15-20],RENTAL,82,DLR-0122,357,428.22,224.82,1.9,7959
FL,P552N F-150 [15-20],RENTAL,82,DLR-0128,88,428.22,224.82,1.9,7959
FL,P552N F-150 [15-20],RENTAL,82,DLR-0134,135,428.22,224.82,1.9,7959
FL,P552N F-150 [15-20],RENTAL,82,DLR-0118,433,428.22,224.82,1.9,7959
NC,CX482N ESCAPE [20-26],7820125,61,DLR-0009,57,2171.38,311.43,6.97,7726
FL,U553N EXPEDITION [18-24],RENTAL,82,DLR-0128,112,428.22,199.84,2.14,7591
FL,U553N EXPEDITION [18-24],RENTAL,82,DLR-0134,217,428.22,199.84,2.14,7591
FL,U553N EXPEDITION [18-24],RENTAL,82,DLR-0122,276,417.51,199.84,2.09,7591
FL,U553N EXPEDITION [18-24],RENTAL,82,DLR-0016,236,385.4,199.84,1.93,7591
FL,P708 F250 - 600 [23-27],19703,42,DLR-0122,27,1203.61,189.72,6.34,7485
FL,P708 F250 - 600 [23-27],19703,42,DLR-0214,17,1075.07,189.72,5.67,7485
FL,P708 F250 - 600 [23-27],19703,42,DLR-0135,21,998.12,189.72,5.26,7485
FL,P708 F250 - 600 [23-27],19703,42,DLR-0072,16,959.09,189.72,5.06,7485
FL,P708 F250 - 600 [23-27],19703,42,DLR-0173,18,955.53,189.72,5.04,7485
FL,P708 F250 - 600 [23-27],19703,42,DLR-0020,74,872.57,189.72,4.6,7485
MI,CX482N ESCAPE [20-26],RENTAL,82,DLR-0055,17,428.22,160.58,2.67,7464
MI,CX482N ESCAPE [20-26],RENTAL,82,DLR-0181,34,321.17,160.58,2.0,7464
MI,CX482N ESCAPE [20-26],RENTAL,82,DLR-0040,61,321.17,160.58,2.0,7464
MI,CX482N ESCAPE [20-26],RENTAL,82,DLR-0069,123,321.17,160.58,2.0,7464
FL,P702N F150 [21-27],7210,42,DLR-0125,132,818.83,445.56,1.84,7435
MI,CX483N CORSAIR [20-26],DELIVERY,82,DLR-0151,23,142.74,71.37,2.0,7355
MO,CX482N ESCAPE [20-26],7820125,61,DLR-0126,21,2682.8,297.63,9.01,7306
MO,CX482N ESCAPE [20-26],7820125,61,DLR-0123,142,1862.36,297.63,6.26,7306
MO,CX482N ESCAPE [20-26],7820125,61,DLR-0179,349,1704.07,297.63,5.73,7306
MO,CX482N ESCAPE [20-26],7820125,61,DLR-0127,173,1537.35,297.63,5.17,7306
MO,CX482N ESCAPE [20-26],7820125,61,DLR-0170,58,1528.76,297.63,5.14,7306
MO,CX482N ESCAPE [20-26],7820125,61,DLR-0185,33,586.13,297.63,1.97,7306
MO,CX482N ESCAPE [20-26],7820125,61,DLR-0192,36,581.52,297.63,1.95,7306
FL,P558N SUPER DUTY [17-22],65,42,DLR-0152,44,438.2,234.89,1.87,6999
FL,P558N SUPER DUTY [17-22],65,42,DLR-0077,103,433.23,234.89,1.84,6999
FL,P558N SUPER DUTY [17-22],65,42,DLR-0125,58,428.81,234.89,1.83,6999
CA,P552N F-150 [15-20],RENTAL,82,DLR-0140,15,556.69,285.48,1.95,6998
FL,CDX707A NAUTILUS [23-26],DELIVERY,82,DLR-0216,373,289.67,82.08,3.53,6944
FL,CDX707A NAUTILUS [23-26],DELIVERY,82,DLR-0217,1346,271.33,82.08,3.31,6944
FL,CDX707A NAUTILUS [23-26],DELIVERY,82,DLR-0120,115,205.03,82.08,2.5,6944
FL,CDX707A NAUTILUS [23-26],DELIVERY,82,DLR-0191,40,179.3,82.08,2.18,6944
CA,P702N F150 [21-27],10C679,42,DLR-0080,20,123.56,67.68,1.83,6890
CA,U554N NAVIGATOR [18-24],DELIVERY,82,DLR-0132,166,288.41,90.64,3.18,6813
VA,CX482N ESCAPE [20-26],7820125,61,DLR-0147,93,1614.57,316.6,5.1,6698
VA,CX482N ESCAPE [20-26],7820125,61,DLR-0025,26,1604.75,316.6,5.07,6698
VA,CX482N ESCAPE [20-26],7820125,61,DLR-0002,39,1429.66,316.6,4.52,6698
VA,CX482N ESCAPE [20-26],7820125,61,DLR-0067,86,892.91,316.6,2.82,6698
VA,CX482N ESCAPE [20-26],7820125,61,DLR-0146,26,802.21,316.6,2.53,6698
TX,P702N F150 [21-27],19860,42,DLR-0074,54,1126.74,44.11,25.55,6591
TX,P702N F150 [21-27],19860,42,DLR-0099,51,1055.55,44.11,23.93,6591
TX,P702N F150 [21-27],19860,42,DLR-0083,24,1044.7,44.11,23.69,6591
TX,P702N F150 [21-27],19860,42,DLR-0153,44,926.73,44.11,21.01,6591
TX,P702N F150 [21-27],19860,42,DLR-0144,96,920.61,44.11,20.87,6591
TX,P702N F150 [21-27],19860,42,DLR-0108,21,912.68,44.11,20.69,6591
TX,P702N F150 [21-27],19860,42,DLR-0018,15,871.64,44.11,19.76,6591
TX,P702N F150 [21-27],19860,42,DLR-0010,44,849.0,44.11,19.25,6591
TX,P702N F150 [21-27],19860,42,DLR-0133,42,843.96,44.11,19.13,6591
TX,P702N F150 [21-27],19860,42,DLR-0115,31,832.08,44.11,18.87,6591
TX,P702N F150 [21-27],19860,42,DLR-0041,61,829.72,44.11,18.81,6591
TX,P702N F150 [21-27],19860,42,DLR-0068,78,827.42,44.11,18.76,6591
TX,P702N F150 [21-27],19860,42,DLR-0194,16,806.46,44.11,18.28,6591
TX,P702N F150 [21-27],19860,42,DLR-0036,23,800.29,44.11,18.14,6591
TX,P702N F150 [21-27],19860,42,DLR-0112,37,795.1,44.11,18.03,6591
TX,P702N F150 [21-27],19860,42,DLR-0007,31,794.95,44.11,18.02,6591
TX,P702N F150 [21-27],19860,42,DLR-0105,31,792.08,44.11,17.96,6591
TX,P702N F150 [21-27],19860,42,DLR-0039,49,791.69,44.11,17.95,6591
TX,P702N F150 [21-27],19860,42,DLR-0093,69,789.47,44.11,17.9,6591
TX,P702N F150 [21-27],19860,42,DLR-0070,15,789.22,44.11,17.89,6591
TX,P702N F150 [21-27],19860,42,DLR-0089,86,776.56,44.11,17.61,6591
TX,P702N F150 [21-27],19860,42,DLR-0129,22,772.53,44.11,17.52,6591
TX,P702N F150 [21-27],19860,42,DLR-0101,44,761.42,44.11,17.26,6591
TX,P702N F150 [21-27],19860,42,DLR-0038,59,756.72,44.11,17.16,6591
TX,P702N F150 [21-27],19860,42,DLR-0012,47,756.27,44.11,17.15,6591
TX,P702N F150 [21-27],19860,42,DLR-0029,135,744.4,44.11,16.88,6591
TX,P702N F150 [21-27],19860,42,DLR-0015,101,743.43,44.11,16.86,6591
TX,P702N F150 [21-27],19860,42,DLR-0090,19,743.34,44.11,16.85,6591
TX,P702N F150 [21-27],19860,42,DLR-0159,67,738.74,44.11,16.75,6591
TX,P702N F150 [21-27],19860,42,DLR-0189,41,734.65,44.11,16.66,6591
TX,P702N F150 [21-27],19860,42,DLR-0184,87,730.89,44.11,16.57,6591
TX,P702N F150 [21-27],19860,42,DLR-0188,17,726.68,44.11,16.48,6591
TX,P702N F150 [21-27],19860,42,DLR-0091,38,725.93,44.11,16.46,6591
TX,P702N F150 [21-27],19860,42,DLR-0097,81,705.51,44.11,16.0,6591
TX,P702N F150 [21-27],19860,42,DLR-0193,29,698.79,44.11,15.84,6591
TX,P702N F150 [21-27],19860,42,DLR-0092,64,691.95,44.11,15.69,6591
TX,P702N F150 [21-27],19860,42,DLR-0050,16,689.31,44.11,15.63,6591
TX,P702N F150 [21-27],19860,42,DLR-0160,20,689.52,44.11,15.63,6591
TX,P702N F150 [21-27],19860,42,DLR-0094,17,671.1,44.11,15.22,6591
TX,P702N F150 [21-27],19860,42,DLR-0100,79,669.69,44.11,15.18,6591
TX,P702N F150 [21-27],19860,42,DLR-0096,34,667.76,44.11,15.14,6591
TX,P702N F150 [21-27],19860,42,DLR-0087,26,653.45,44.11,14.82,6591
TX,P702N F150 [21-27],19860,42,DLR-0103,17,607.08,44.11,13.76,6591
TX,P702N F150 [21-27],19860,42,DLR-0175,20,585.51,44.11,13.27,6591
TX,P702N F150 [21-27],19860,42,DLR-0137,214,191.82,44.11,4.35,6591
TX,P702N F150 [21-27],19860,42,DLR-0084,56,163.15,44.11,3.7,6591
TX,P702N F150 [21-27],19860,42,DLR-0162,18,152.39,44.11,3.46,6591
TX,P702N F150 [21-27],19860,42,DLR-0106,151,149.81,44.11,3.4,6591
TX,P702N F150 [21-27],19860,42,DLR-0098,47,114.87,44.11,2.6,6591
CA,P702N F150 [21-27],14G647,04,DLR-0005,29,1539.88,247.61,6.22,6513
TX,U553N EXPEDITION [18-24],RENTAL,82,DLR-0073,19,513.86,256.93,2.0,6480
FL,U625N EXPLORER [20-27],14G371,04,DLR-0187,17,128.47,51.67,2.49,6470
CA,P558N SUPER DUTY [17-22],6731,82,DLR-0066,231,410.94,138.4,2.97,6333
CA,P558N SUPER DUTY [17-22],6731,82,DLR-0008,31,354.87,138.4,2.56,6333
CA,P558N SUPER DUTY [17-22],6731,82,DLR-0171,22,298.78,138.4,2.16,6333
CA,P558N SUPER DUTY [17-22],6731,82,DLR-0166,16,295.94,138.4,2.14,6333
CA,P558N SUPER DUTY [17-22],6731,82,DLR-0138,19,282.3,138.4,2.04,6333
CA,P558N SUPER DUTY [17-22],6731,82,DLR-0030,57,263.57,138.4,1.9,6333
FL,CX482N ESCAPE [20-26],RENTAL,82,DLR-0134,152,321.17,178.42,1.8,6222
FL,CX482N ESCAPE [20-26],RENTAL,82,DLR-0079,59,321.17,178.42,1.8,6222
FL,CX482N ESCAPE [20-26],RENTAL,82,DLR-0026,30,321.17,178.42,1.8,6222
MI,U540N MKX [16-23],RENTAL,82,DLR-0207,27,299.75,128.47,2.33,6139
CA,CX430N C-SUV [21-27],8501,D8,DLR-0182,84,1855.28,700.68,2.65,6135
