gsar_veh_line_desc,paws_causal_part,arch,n,cost_consensus,labor_consensus,text_cohesion,gt_score,cost_med,labor_med
P552N F-150 [15-20],6256,17,10180,0.4254012284525461,0.7119811135156404,1.0,0.7124607806560621,5496.05,10.5
P552N F-150 [15-20],6256,44,9647,0.5237081044725928,0.6852697095435685,1.0,0.736325938005387,3100.94,10.3
U502N EXPLORER [11-19],8501,39,5420,0.4881992194759338,0.7780654706861476,1.0,0.7554215633873604,4713.9,9.5
U502N EXPLORER [11-19],8501,21,5227,0.5859328432346513,0.7784798008807199,1.0,0.7881375480384571,2623.7,9.2
U553N EXPEDITION [18-24],6256,44,3717,0.5213010938399539,0.7017780172413793,1.0,0.7410263703604444,3158.64,10.3
U553N EXPEDITION [18-24],6256,17,3524,0.4275921165381319,0.7202956225127913,1.0,0.715962579683641,5415.24,10.7
P552N F-150 [15-20],16502C22,31,3425,0.4374445430346051,0.6612377850162866,1.0,0.6995607760169639,10624.65,7.7
CD539N EDGE [15-24],6009,47,3261,0.4950617283950617,0.9229825099723842,1.0,0.8060147461224819,25188.16,15.2
CD539N EDGE [15-24],6009,16,2552,0.307224025974026,0.9325754606036848,1.0,0.746599828859237,15909.6,15.2
P552N F-150 [15-20],7H351,59,2549,0.3518370607028754,0.7310561444837064,1.0,0.6942977350621939,12183.27,19.3
P552N F-150 [15-20],7H351,41,2490,0.3799090533278214,0.7669746886299719,1.0,0.7156279139859311,10393.66,21.1
CD539N EDGE [15-24],7902,27,2350,0.2789086184495452,0.6574232081911263,1.0,0.6454439422135572,8295.44,13.6
C520N ESCAPE [13-19],6009,16,2122,0.2764044943820224,0.7522629823725584,1.0,0.6762224922515269,13621.62,17.3
C346N FOCUS [12-18],7B546,19,2077,0.3728897715988083,0.7368674698795181,1.0,0.7032524138261088,4142.32,6.7
P552N F-150 [15-20],7902,27,1963,0.3047767393561786,0.5306435137895812,1.0,0.6118067510485866,6818.68,10.1
P552N F-150 [15-20],6020,14,1923,0.3692061800745871,0.581419624217119,1.0,0.6502086014305687,3683.13,12.7
P552N F-150 [15-20],7H351,53,1833,0.5105996365838885,0.7379649890590809,1.0,0.7495215418809898,6005.49,19.2
C520N ESCAPE [13-19],6009,47,1739,0.495575221238938,0.8854346574553829,1.0,0.7936699595647737,26627.53,16.1
C520N ESCAPE [13-19],6009,40,1658,0.332070707070707,0.8761384335154827,1.0,0.73606971352873,19040.47,21.5
U502N EXPLORER [11-19],3504,20,1425,0.3807142857142857,0.4606741573033708,1.0,0.6137961476725522,5505.25,4.2
C520N ESCAPE [13-19],7902,27,1345,0.2822641509433962,0.6482861400894188,1.0,0.643516763677605,9043.56,14.0
P558N SUPER DUTY [17-22],6675,36,1257,0.4077046548956661,0.7211155378486056,1.0,0.7096067309147572,6129.6,12.1
P558N SUPER DUTY [17-22],6675,38,1229,0.5435168738898757,0.7200976403580146,1.0,0.7545381714159634,3129.22,11.8
P552N F-150 [15-20],7H351,48,1204,0.370777027027027,0.7524916943521595,1.0,0.7077562404597288,11191.76,20.3
U502N EXPLORER [11-19],7902,27,1195,0.2814625850340136,0.5961376994122586,1.0,0.6258667614820906,8160.9,13.6
U553N EXPEDITION [18-24],19860,55,1168,0.5120274914089347,0.6202749140893471,1.0,0.7107674684994273,3886.69,6.2
P552N F-150 [15-20],7H351,6,1047,0.2831950207468879,0.595602294455067,1.0,0.6262657717339849,31204.77,16.3
C520N ESCAPE [13-19],7902,59,1038,0.3394762366634336,0.8203883495145631,1.0,0.7199548620593322,14121.48,15.4
P558N SUPER DUTY [17-22],16502C22,31,1014,0.4194831013916501,0.6583665338645418,1.0,0.6926165450853974,9810.4,7.1
U553N EXPEDITION [18-24],7H351,41,1013,0.3538928210313448,0.7068114511352419,1.0,0.6869014240555288,10328.43,20.9
U553N EXPEDITION [18-24],7H351,59,967,0.3584117032392894,0.7212435233160622,1.0,0.6932184088517839,11437.01,18.9
P552N F-150 [15-20],6148,47,961,0.7923875432525952,0.7653806047966631,1.0,0.8525893826830861,56755.55,16.8
C520N ESCAPE [13-19],7902,6,916,0.2703910614525139,0.7153846153846154,1.0,0.6619252256123765,25082.18,13.8
P552N F-150 [15-20],6256,28,893,0.3624856156501726,0.7059483726150393,1.0,0.689477996088404,7319.07,10.6
P552N F-150 [15-20],3504,20,879,0.4013840830449827,0.4466130884041331,1.0,0.6159990571497053,5477.4,3.3
C520N ESCAPE [13-19],7902,53,853,0.4948979591836734,0.7476525821596244,1.0,0.7475168471144326,5850.19,14.8
C520N ESCAPE [13-19],6K682,3,812,0.4276885043263288,0.4518518518518518,1.0,0.6265134520593935,6746.31,6.0
CD391N FUSION [13-20],6009,16,805,0.2718168812589413,0.8097014925373134,1.0,0.6938394579320849,12967.99,17.5
P552N F-150 [15-20],6256,54,794,0.5,0.6977329974811083,1.0,0.7325776658270361,7077.22,10.7
CD539N EDGE [15-24],7902,53,787,0.3492957746478873,0.5235069885641678,1.0,0.6242675877373517,5745.06,15.3
U554N NAVIGATOR [18-24],6256,17,784,0.4066496163682864,0.7538265306122449,1.0,0.7201587156601771,5667.63,12.4
U554N NAVIGATOR [18-24],6256,44,761,0.4985422740524781,0.689064558629776,1.0,0.7292022775607513,3417.77,11.8
P552N F-150 [15-20],6019,14,739,0.375,0.5948509485094851,1.0,0.6566169828364951,3711.1,12.4
U502N EXPLORER [11-19],7251,56,738,0.5006993006993007,0.4789687924016282,1.0,0.6598893643669763,4151.88,6.5
U502N EXPLORER [11-19],7902,53,735,0.4658753709198813,0.7292517006802721,1.0,0.7317090238667179,5662.01,15.4
P552N F-150 [15-20],KEYSVC,43,715,0.4537444933920704,0.5345557122708039,1.0,0.6627667352209581,426.85,0.2
U553N EXPEDITION [18-24],7H351,53,714,0.5198098256735341,0.7251051893408135,1.0,0.7483050050047825,6013.71,18.8
CD391N FUSION [13-20],6009,47,711,0.4568081991215227,0.8913963328631875,1.0,0.7827348439949035,24735.7,15.0
B515A ECOSPORT INDIA [13-22],6C348,47,710,0.3485064011379801,0.8829337094499294,1.0,0.7438133701959698,22656.49,13.5
P552N F-150 [15-20],6256,3,704,0.5230547550432276,0.6941678520625889,1.0,0.7390742023686055,6164.33,10.4
C346N FOCUS [12-18],7B546,53,691,0.5195246179966044,0.752906976744186,1.0,0.7574771982469302,2560.66,6.6
V363N TRANSIT [14-27],8C607,10,690,0.5819032761310452,0.4368650217706821,1.0,0.6729227659672424,1351.01,2.8
U502N EXPLORER [11-19],7902,59,689,0.3700440528634361,0.8163265306122449,1.0,0.7287901944918938,13441.25,16.2
U502N EXPLORER [11-19],7251,55,683,0.4194977843426883,0.4296187683284457,1.0,0.6163721842237114,7740.33,6.8
CD391N FUSION [13-20],6009,40,671,0.3292117465224111,0.9026946107784432,1.0,0.7439687857669514,18239.52,20.1
P552N F-150 [15-20],7902,59,636,0.254071661237785,0.6966824644549763,1.0,0.6502513752309205,19457.88,16.7
C520N ESCAPE [13-19],8501,39,632,0.2912,0.6592,1.0,0.6501333333333333,2714.19,7.4
U553N EXPEDITION [18-24],16502C22,31,623,0.4110929853181077,0.586038961038961,1.0,0.6657106487856895,10660.89,9.25
P552N F-150 [15-20],7902,6,614,0.3249551166965889,0.5964052287581699,1.0,0.6404534484849197,32836.22,13.9
C346N FOCUS [12-18],7515,19,605,0.4003322259136213,0.7421487603305785,1.0,0.7141603287480667,5678.71,7.2
U502N EXPLORER [11-19],6020,14,603,0.3775167785234899,0.4825870646766169,1.0,0.6200346144000356,2840.73,9.8
CD539N EDGE [15-24],7902,59,597,0.3038194444444444,0.7747899159663866,1.0,0.6928697868036103,18248.73,20.1
CD391N FUSION [13-20],7902,27,591,0.2332761578044597,0.5972762645914397,1.0,0.6101841407986331,7498.84,14.5
CD539N EDGE [15-24],4000,5,578,0.2757417102966841,0.5260416666666666,1.0,0.6005944589877835,7041.78,6.1
U502N EXPLORER [11-19],7902,6,568,0.2080291970802919,0.7389770723104057,1.0,0.6490020897968992,23408.37,15.0
U553N EXPEDITION [18-24],19860,34,565,0.55078125,0.5709219858156028,1.0,0.7072344119385342,2198.47,6.2
D258N TAURUS [10-19],8501,21,556,0.6146616541353384,0.7985611510791367,1.0,0.8044076017381583,2537.9,9.0
CD539N EDGE [15-24],7902,6,549,0.3191489361702128,0.6880733944954128,1.0,0.6690741102218752,31017.39,16.4
V363N TRANSIT [14-27],8C607,55,519,0.4912621359223301,0.3592233009708738,1.0,0.6168284789644013,2346.15,3.2
P552N F-150 [15-20],6256,55,518,0.3493013972055888,0.6763565891472868,1.0,0.6752193287842919,5324.77,10.5
C520N ESCAPE [13-19],3504,20,514,0.405511811023622,0.5636007827788649,1.0,0.6563708646008289,5408.46,4.1
P552N F-150 [15-20],6C525,44,505,0.5124153498871332,0.6871287128712872,1.0,0.7331813542528068,3196.59,10.3
P552N F-150 [15-20],6049,49,492,0.3408521303258145,0.6666666666666666,1.0,0.669172932330827,32005.51,21.2
D258N TAURUS [10-19],8501,39,492,0.4549180327868852,0.8285714285714286,1.0,0.7611631537861047,4585.84,9.4
C520N ESCAPE [13-19],8501,21,487,0.4719827586206896,0.6563786008230452,1.0,0.7094537864812449,1831.45,7.6
P552N F-150 [15-20],6C525,17,479,0.4054621848739496,0.6910229645093946,1.0,0.6988283831277814,6382.28,10.6
P558N SUPER DUTY [17-22],6K682,3,476,0.4427645788336933,0.6645569620253164,1.0,0.70244051361967,17063.29,10.25
U553N EXPEDITION [18-24],7H351,48,470,0.351409978308026,0.7468085106382979,1.0,0.699406162982108,11159.29,19.55
P552N F-150 [15-20],6256,10,456,0.396551724137931,0.7026431718061674,1.0,0.6997316319813661,2712.44,10.1
CD391N FUSION [13-20],7902,59,454,0.3170731707317073,0.8294573643410853,1.0,0.7155101783575976,11430.78,15.8
P552N F-150 [15-20],7A100,59,423,0.2777777777777778,0.6872037914691943,1.0,0.6549938564156573,13222.03,18.3
C520N ESCAPE [13-19],5808,51,414,0.3740831295843521,0.4830917874396135,1.0,0.6190583056746551,1454.81,5.0
P552N F-150 [15-20],7H351,54,410,0.32,0.6650366748166259,1.0,0.6616788916055419,14920.26,20.4
C520N ESCAPE [13-19],7A103,6,406,0.2562814070351759,0.7475247524752475,1.0,0.6679353865034745,24423.07,13.5
C489N MKC [15-19],6009,16,403,0.3115183246073298,0.9032258064516128,1.0,0.7382480436863142,14373.32,14.9
P558N SUPER DUTY [17-22],7H351,59,399,0.2974358974358974,0.6491228070175439,1.0,0.6488529014844805,12399.28,18.5
V363N TRANSIT [14-27],3504,20,391,0.3676092544987147,0.5347043701799485,1.0,0.6341045415595544,5780.81,5.2
CD539N EDGE [15-24],9D289,4,376,0.4076086956521739,0.4811827956989247,1.0,0.6295971637836996,794.9,1.1
S550N MUSTANG [15-23],6051,49,359,0.2160493827160493,0.6536312849162011,1.0,0.6232268892107502,17488.09,13.3
U553N EXPEDITION [18-24],6020,14,355,0.3868194842406877,0.7014084507042253,1.0,0.6960759783149709,3986.64,12.6
C520N ESCAPE [13-19],7A103,59,354,0.3931623931623931,0.7977207977207977,1.0,0.7302943969610637,12900.53,15.3
C489N MKC [15-19],6009,47,351,0.43952802359882,0.8911174785100286,1.0,0.776881834036283,24333.69,15.1
P552N F-150 [15-20],6256,57,340,0.5806451612903226,0.6925373134328359,1.0,0.7577274915743861,3477.73,10.1
CD391N FUSION [13-20],7902,53,339,0.4557377049180328,0.7168141592920354,1.0,0.7241839547366894,5832.11,15.6
D471N FLEX [09-19],8501,39,338,0.4924924924924925,0.8047337278106509,1.0,0.7657420734343812,4848.88,10.1
C520N ESCAPE [13-19],6K682,10,338,0.569078947368421,0.3846153846153846,1.0,0.6512314439946019,3098.39,5.9
V363N TRANSIT [14-27],19860,55,332,0.4146341463414634,0.6185897435897436,1.0,0.6777412966437356,4708.46,7.3
CD391N FUSION [13-20],7902,6,331,0.2061538461538461,0.7368421052631579,1.0,0.6476653171390013,22823.75,14.8
P552N F-150 [15-20],7h351,59,329,0.334384858044164,0.6707317073170732,1.0,0.6683721884537458,11014.12,19.3
V363N TRANSIT [14-27],2200,50,326,0.2981366459627329,0.514018691588785,1.0,0.6040517791838393,1363.3,3.4
P552N F-150 [15-20],3222,5,326,0.4055727554179567,0.6358024691358025,1.0,0.6804584081845864,6342.88,11.1
CD539N EDGE [15-24],6020,14,319,0.3694267515923566,0.438871473354232,1.0,0.6027660749821963,2849.33,10.3
P552N F-150 [15-20],4R602,56,316,0.6556291390728477,0.219047619047619,1.0,0.6248922527068222,1623.74,2.1
U554N NAVIGATOR [18-24],19860,55,311,0.432258064516129,0.4212218649517685,1.0,0.6178266431559658,4285.67,7.3
U625N EXPLORER [20-27],4A015,56,308,0.5324232081911263,0.4772727272727273,1.0,0.6698986451546179,2221.43,10.1
U502N EXPLORER [11-19],6019,14,299,0.4055944055944055,0.4983277591973244,1.0,0.6346407215972433,2807.0,9.8
C346N FOCUS [12-18],6C348,47,296,0.3707482993197279,0.8061224489795918,1.0,0.72562358276644,21772.77,11.3
P552N F-150 [15-20],6256,18,294,0.2457337883959044,0.7040816326530612,1.0,0.6499384736829885,2216.77,10.55
CD391N FUSION [13-20],3504,20,294,0.3264604810996563,0.6224489795918368,1.0,0.6496364868971644,7070.73,4.7
U553N EXPEDITION [18-24],6256,54,293,0.5,0.7079037800687286,1.0,0.7359679266895762,7012.98,11.4
CD539N EDGE [15-24],4000,56,291,0.5904059040590406,0.5945017182130584,1.0,0.7283025407573663,3126.31,6.3
P558N SUPER DUTY [17-22],6710,36,285,0.397887323943662,0.6947368421052632,1.0,0.697541388682975,5854.38,12.3
P558N SUPER DUTY [17-22],6695,36,285,0.4301075268817204,0.6267605633802817,1.0,0.6856226967540007,5635.72,12.2
P552N F-150 [15-20],4220,56,283,0.4714828897338403,0.4134275618374558,1.0,0.6283034838570988,2820.61,10.0
P558N SUPER DUTY [17-22],6020,14,280,0.3285198555956679,0.675,1.0,0.6678399518652226,7691.21,16.7
C520N ESCAPE [13-19],6009,57,277,0.5045045045045045,0.8708487084870848,1.0,0.7917844043305298,8027.13,21.2
B515A ECOSPORT INDIA [13-22],6c348,47,276,0.3763837638376384,0.855072463768116,1.0,0.7438187425352515,24052.15,13.5
U553N EXPEDITION [18-24],6256,3,274,0.5666666666666667,0.7582417582417582,1.0,0.7749694749694749,6007.89,10.4
P702N F150 [21-27],13008,34,271,0.6009174311926605,0.2730627306273063,1.0,0.6246600539399889,3038.76,1.6
P552N F-150 [15-20],5560,5,269,0.3872180451127819,0.4679245283018868,1.0,0.6183808578048896,4265.11,4.2
P558N SUPER DUTY [17-22],7H351,53,267,0.3734939759036144,0.5375939849624061,1.0,0.6370293202886735,5486.21,17.45
V363N TRANSIT [14-27],18A484,55,267,0.5833333333333334,0.6653992395437263,1.0,0.7495775242923531,5082.99,7.6
U553N EXPEDITION [18-24],19860,3,266,0.6052631578947368,0.6578947368421053,1.0,0.7543859649122807,4954.6,6.5
D471N FLEX [09-19],8501,21,266,0.5748031496062992,0.793233082706767,1.0,0.789345410771022,2903.57,9.7
P552N F-150 [15-20],7h351,41,264,0.3333333333333333,0.7651515151515151,1.0,0.6994949494949495,10379.97,20.55
U502N EXPLORER [11-19],6051,49,262,0.2202643171806167,0.6743295019157088,1.0,0.6315312730321084,15844.62,14.6
CD533N MKZ [13-20],6009,47,260,0.4325396825396825,0.9073359073359072,1.0,0.77995852995853,23714.6,15.0
U553N EXPEDITION [18-24],19850,55,259,0.421875,0.5408560311284046,1.0,0.6542436770428015,5031.62,6.4
U554N NAVIGATOR [18-24],16502C22,31,259,0.3794466403162055,0.640625,1.0,0.6733572134387352,12157.52,9.1
C520N ESCAPE [13-19],4000,5,257,0.4117647058823529,0.4747081712062256,1.0,0.6288242923628595,11806.07,6.4
P552N F-150 [15-20],7A100,6,251,0.2633928571428571,0.5378486055776892,1.0,0.6004138209068488,27971.15,15.8
V363N TRANSIT [14-27],6020,14,250,0.360655737704918,0.4457831325301205,1.0,0.6021462900783462,3483.33,13.4
CD391N FUSION [13-20],6K682,3,250,0.4457831325301205,0.4939759036144578,1.0,0.646586345381526,5686.48,5.1
P552N F-150 [15-20],6700,14,249,0.4074074074074074,0.5140562248995983,1.0,0.6404878774356686,3854.08,12.8
V408E TRANSIT CONNECT [13-24],7902,53,248,0.3981900452488687,0.6048387096774194,1.0,0.6676762516420961,5795.24,16.799999999999997
P552N F-150 [15-20],6256,9,248,0.514018691588785,0.8299595141700404,1.0,0.7813260685862752,51431.02,9.7
C520N ESCAPE [13-19],7A103,53,248,0.4299065420560747,0.7327935222672065,1.0,0.7209000214410937,5947.89,15.1
P558N SUPER DUTY [17-22],6695,38,245,0.4797979797979798,0.6448979591836734,1.0,0.7082319796605511,3081.62,12.1
V408E TRANSIT CONNECT [13-24],7902,59,243,0.2595744680851063,0.7530864197530864,1.0,0.6708869626127308,16941.7,18.2
V408E TRANSIT CONNECT [13-24],7902,6,237,0.3592233009708738,0.6652360515021459,1.0,0.6748197841576732,37754.01,14.3
U553N EXPEDITION [18-24],KEYSVC,43,236,0.4978165938864629,0.5321888412017167,1.0,0.6766684783627266,533.08,0.2
CD539N EDGE [15-24],MAINT,26,236,0.3288888888888889,0.527027027027027,1.0,0.6186386386386387,129.94,0.75
P552N F-150 [15-20],6600,47,236,0.7735849056603774,0.7330508474576272,1.0,0.8355452510393349,54285.99,18.55
P552N F-150 [15-20],9H307,42,232,0.3733333333333333,0.4716157205240174,1.0,0.6149830179524503,2018.71,2.9
P375N RANGER [19-23],18478,55,230,0.4217391304347826,0.7913043478260869,1.0,0.7376811594202898,2894.37,5.4
P558N SUPER DUTY [17-22],6710,38,230,0.4708994708994709,0.6739130434782609,1.0,0.7149375047925771,2798.22,11.9
U540N MKX [16-23],7902,27,230,0.2920353982300885,0.6956521739130435,1.0,0.6625625240477107,7782.79,13.25
U553N EXPEDITION [18-24],6256,28,228,0.4292035398230088,0.7412280701754386,1.0,0.7234772033328158,6559.76,10.6
CD539N EDGE [15-24],KEYSVC,43,225,0.5136363636363637,0.6026785714285714,1.0,0.7054383116883116,496.91,0.2
P473N SUPER DUTY [11-16],6675,36,225,0.3648648648648648,0.6933333333333334,1.0,0.6860660660660661,5900.14,11.6
V363N TRANSIT [14-27],8501,21,225,0.5245098039215687,0.5511111111111111,1.0,0.6918736383442265,1203.49,3.5
P473N SUPER DUTY [11-16],6710,36,222,0.5045045045045045,0.7104072398190046,1.0,0.7383039147745031,5014.06,11.9
U222N EXPEDITION [02-17],19850,55,222,0.4253393665158371,0.6981981981981982,1.0,0.7078458549046784,4921.05,7.25
CD533N MKZ [13-20],6009,16,221,0.2971698113207547,0.8914027149321267,1.0,0.7295241754176272,13912.45,14.6
CD539N EDGE [15-24],8501,21,221,0.5674418604651162,0.7647058823529411,1.0,0.7773825809393524,3183.62,11.0
U222N EXPEDITION [02-17],8501,21,219,0.5162790697674419,0.4220183486238532,1.0,0.6460991394637651,1151.3,4.4
CX482N ESCAPE [20-26],7902,27,216,0.2142857142857142,0.6238095238095238,1.0,0.6126984126984126,12122.05,16.0
CD539N EDGE [15-24],3504,20,216,0.4292452830188679,0.6261682242990654,1.0,0.6851378357726444,6007.46,4.6
P558N SUPER DUTY [17-22],5J229,10,215,0.5625,0.272300469483568,1.0,0.6116001564945227,2620.95,2.4
P552N F-150 [15-20],7h351,48,214,0.3062200956937799,0.6962616822429907,1.0,0.6674939259789235,11908.17,20.55
P552N F-150 [15-20],19860,55,214,0.4439252336448598,0.6121495327102804,1.0,0.6853582554517134,3758.81,7.3
V363N TRANSIT [14-27],18A484,34,213,0.7474747474747475,0.589622641509434,1.0,0.7790324629947271,2824.71,7.75
U625N EXPLORER [20-27],4000,5,213,0.3459715639810427,0.4764150943396226,1.0,0.6074622194402218,6246.52,7.3
V363N TRANSIT [14-27],10346,7,212,0.3658536585365853,0.4641148325358851,1.0,0.6099894970241567,2455.54,2.0
U502N EXPLORER [11-19],19835,55,211,0.3838862559241706,0.5118483412322274,1.0,0.631911532385466,4040.74,7.5
CD539N EDGE [15-24],8501,39,211,0.4786729857819905,0.7047619047619048,1.0,0.7278116301812986,5306.37,11.25
P552N F-150 [15-20],16502c22,31,211,0.3461538461538461,0.6341463414634146,1.0,0.660100062539087,10888.27,7.5
P552N F-150 [15-20],6211,47,210,0.7954545454545454,0.7511961722488039,1.0,0.8488835725677831,57292.12,18.3
P552N F-150 [15-20],6256,39,209,0.4202898550724637,0.7511961722488039,1.0,0.7238286757737559,6284.8,11.0
U553N EXPEDITION [18-24],10346,7,206,0.3880597014925373,0.4585365853658537,1.0,0.6155320956194636,3585.54,2.0
P473N SUPER DUTY [11-16],6K682,3,206,0.4975609756097561,0.6407766990291263,1.0,0.7127792248796275,15345.28,7.8
C520N ESCAPE [13-19],6009,49,206,0.3103448275862069,0.7352941176470589,1.0,0.6818796484110886,30860.6,21.8
U540N MKX [16-23],8501,39,206,0.5317073170731708,0.7609756097560976,1.0,0.7642276422764228,6097.0,11.2
U625N EXPLORER [20-27],13008,55,205,0.5588235294117647,0.2926829268292683,1.0,0.617168818747011,5439.32,3.1
C520N ESCAPE [13-19],KEYSVC,43,204,0.5235602094240838,0.5198019801980198,1.0,0.6811207298740345,430.58,0.2
U625N EXPLORER [20-27],18476,55,201,0.325,0.4875621890547263,1.0,0.6041873963515755,3460.12,8.1
P375N RANGER [19-23],18478,34,200,0.5235602094240838,0.775,1.0,0.7661867364746945,1859.33,5.4
U502N EXPLORER [11-19],8501,28,199,0.3979591836734694,0.7386934673366834,1.0,0.7122175503367175,5264.42,9.7
U553N EXPEDITION [18-24],19860,54,197,0.5076142131979695,0.6345177664974619,1.0,0.7140439932318104,4918.53,6.5
U502N EXPLORER [11-19],8501,18,197,0.2385786802030456,0.7309644670050761,1.0,0.6565143824027072,3657.95,9.6
U540N MKX [16-23],8501,21,195,0.5869565217391305,0.7487179487179487,1.0,0.7785581568190264,3098.85,10.9
C489N MKC [15-19],7902,27,192,0.2916666666666667,0.6197916666666666,1.0,0.6371527777777778,10060.21,15.15
P552N F-150 [15-20],3222,56,191,0.5966850828729282,0.6073298429319371,1.0,0.7346716419349552,3102.54,11.0
U625N EXPLORER [20-27],7N169,53,190,0.6373626373626373,0.6894736842105263,1.0,0.7756121071910546,3992.42,9.3
C346N FOCUS [12-18],3504,20,186,0.4076086956521739,0.6594594594594595,1.0,0.6890227183705444,5067.73,3.5
P558N SUPER DUTY [17-22],7H351,6,186,0.2951807228915662,0.543010752688172,1.0,0.6127304918599128,27976.5,14.4
U502N EXPLORER [11-19],19850,55,185,0.4021739130434782,0.6270270270270271,1.0,0.6764003133568351,5046.21,8.1
CD539N EDGE [15-24],6009,54,185,0.3967391304347826,0.9135135135135136,1.0,0.7700842146494321,26828.99,15.8
P552N F-150 [15-20],7H351,3,185,0.412087912087912,0.782608695652174,1.0,0.7315655359133619,11986.58,19.2
V408E TRANSIT CONNECT [13-24],7N473,59,184,0.2601156069364161,0.8360655737704918,1.0,0.698727060235636,15152.99,17.5
U502N EXPLORER [11-19],7251,3,184,0.4782608695652174,0.5191256830601093,1.0,0.6657955175417755,8800.17,6.8
U553N EXPEDITION [18-24],6C525,44,182,0.461038961038961,0.6758241758241759,1.0,0.7122877122877123,3177.83,10.7
V408E TRANSIT CONNECT [13-24],7N473,6,180,0.3354838709677419,0.6777777777777778,1.0,0.6710872162485066,35025.48,16.25
P552N F-150 [15-20],7H351,57,180,0.5738636363636364,0.7388888888888889,1.0,0.7709175084175084,6729.06,19.7
P552N F-150 [15-20],4209,56,179,0.5460122699386503,0.4581005586592179,1.0,0.6680376095326227,2521.17,6.4
U554N NAVIGATOR [18-24],7H351,41,179,0.396551724137931,0.7262569832402235,1.0,0.7076029024593847,11402.28,22.1
CX727N MACH-E [21-26],10C666,13,178,0.5057471264367817,0.6193181818181818,1.0,0.7083551027516544,3978.41,8.45
U222N EXPEDITION [02-17],7902,27,178,0.4044943820224719,0.5955056179775281,1.0,0.6666666666666666,6362.36,9.4
U625N EXPLORER [20-27],6211,47,176,0.6145833333333334,0.8636363636363636,1.0,0.8260732323232324,50403.62,24.9
C520N ESCAPE [13-19],6020,14,175,0.3604651162790697,0.4942528735632184,1.0,0.6182393299474294,2026.77,7.4
