paws_causal_part,vehicle_lines,claims,cost_min,cost_max,labor_min,labor_max,cost_ratio_max_min,labor_ratio_max_min
14G371,2,6,1517.13,8711.09,9.1,13.9,5.74,1.53
6256,4,130,1781.06,7128.89,10.0,33.3,4.0,3.33
8501,4,56,2017.24,6149.15,10.2,28.9,3.05,2.83
19H405,2,6,1650.62,4661.04,5.0,13.9,2.82,2.78
4000,2,8,3874.86,8490.79,12.3,16.7,2.19,1.36
7H351,4,23,3831.3,8052.32,23.9,39.2,2.1,1.64
7902,4,45,3481.77,6739.93,15.4,34.5,1.94,2.24
6C525,2,18,1701.72,3093.46,10.6,15.15,1.82,1.43
16502C22,2,11,3638.02,5310.28,13.6,17.0,1.46,1.25
6049,2,30,5590.08,8079.36,23.0,24.8,1.45,1.08
1104,2,13,1791.09,2586.46,8.5,15.4,1.44,1.81
6009,3,341,4754.42,6436.73,19.8,24.7,1.35,1.25
6675,3,21,3123.75,4148.12,14.2,17.2,1.33,1.21
6020,2,8,3783.81,4471.52,19.0,22.6,1.18,1.19
7005,2,6,3909.75,4538.2,13.1,17.2,1.16,1.31
16A506,2,7,2738.91,3050.05,5.3,12.2,1.11,2.3
6K682,2,14,5954.99,6122.45,22.7,23.4,1.03,1.03
