veh_line_desc,part,cond_cd,n,dealers,states,cost_med,cost_q25,cost_q75,labor_med,dealer_spread_ratio
CX482N ESCAPE [20-26],7820125,61,4398685,1577,50,256.93,129.07,435.49,0.0,67.81
C520N ESCAPE [13-19],6009,D8,1228204,1495,50,483.82,214.68,963.5,0.0,20.24
P558N SUPER DUTY [17-22],5005,01,201000,343,50,853.19,320.59,2963.18,4.0,262.03
P558N SUPER DUTY [17-22],9C888,42,195650,1119,50,784.97,328.73,1985.21,1.0,25.24
P552N F-150 [15-20],9C888,42,105765,1075,50,509.95,300.69,1005.08,0.9,10.74
P473N SUPER DUTY [11-16],5J225,42,59327,850,50,489.01,265.92,644.96,0.0,11.01
CDX707A NAUTILUS [23-26],14H522,04,33174,208,41,296.38,160.36,549.55,2.5,9.15
V363N TRANSIT [14-27],9U433,42,32208,550,46,581.9,259.0,1071.24,0.6,12.39
B515A ECOSPORT INDIA [13-22],RENTAL,82,28157,196,38,738.68,353.28,931.38,0.0,8.57
B515A ECOSPORT INDIA [13-22],RENTAL,*,21390,191,35,738.68,324.73,963.5,0.0,10.0
P702N F150 [21-27],RENTAL,82,17091,289,44,770.8,385.4,1177.6,0.0,5.0
P558N SUPER DUTY [17-22],7L192,42,13110,398,50,392.08,207.67,1202.19,3.0,17.66
CX482N ESCAPE [20-26],7820124,61,10857,275,45,282.63,171.29,470.86,0.0,18.11
CD391N FUSION [13-20],6009,D8,10608,551,45,499.33,228.38,963.5,0.0,6.91
P702N F150 [21-27],RENTAL,*,10520,222,44,856.44,428.22,1284.66,0.0,4.44
U725N BRONCO [21-26],7803100,*,9120,362,47,455.38,405.72,495.61,0.0,2.41
U502N EXPLORER [11-19],5A972,79,8073,348,39,414.33,345.82,457.34,0.0,1.43
CX482N ESCAPE [20-26],RENTAL,82,7790,176,39,428.22,256.93,727.97,0.0,8.32
V408E TRANSIT CONNECT [13-24],5403100,D8,5590,374,46,273.66,240.85,340.81,0.0,1.99
P702N F150 [21-27],14G647,42,5380,340,45,743.64,374.41,1291.85,5.4,5.96
V408E TRANSIT CONNECT [13-24],5403100,*,4910,340,44,377.71,270.61,462.14,0.0,2.3
P552N F-150 [15-20],6256,42,4761,378,46,138.06,85.64,321.17,0.0,11.32
U625N EXPLORER [20-27],19980,39,4056,107,32,143.68,74.61,219.89,1.3,5.74
CX482N ESCAPE [20-26],RENTAL,61,3783,149,38,428.22,256.93,727.97,0.0,9.0
U625N EXPLORER [20-27],14G371,04,2682,335,46,249.8,124.04,599.4,1.8,19.95
P558N SUPER DUTY [17-22],19G490,42,2681,277,42,207.39,119.04,372.3,1.2,4.62
P702N F150 [21-27],10D672,42,2420,235,44,1284.66,442.49,3095.32,0.0,61.27
P702N F150 [21-27],14G670,04,2364,274,41,376.76,214.67,713.7,3.5,4.75
CD391N FUSION [13-20],RENTAL,82,2270,113,29,599.51,285.48,912.11,0.0,8.0
P473N SUPER DUTY [11-16],5H270,42,2090,289,46,449.52,238.98,842.17,0.0,2.8
CX727N MACH-E [21-26],5803100,*,1785,259,44,768.31,615.49,835.81,0.0,1.14
U625N EXPLORER [20-27],19G490,42,1644,329,43,132.21,96.45,245.49,0.0,1.67
P552N F-150 [15-20],78218A42,69,1588,323,45,136.15,80.18,213.78,0.0,3.96
P375N RANGER [19-23],2103100,*,1580,230,44,420.83,378.11,566.76,0.0,1.12
CX727N MACH-E [21-26],14G647,42,1518,157,37,504.73,275.01,967.48,3.9,6.15
CD539N EDGE [15-24],6375,01,1272,328,44,456.5,199.84,1284.66,0.1,1.76
ECONOLINE [97-27],12A650,04,1248,57,30,451.52,58.34,8565.53,2.3,229.75
C346N FOCUS [12-18],RENTAL,82,1211,84,32,642.33,321.17,856.44,0.0,7.5
P473N SUPER DUTY [11-16],12A650,X9,1188,298,41,286.96,141.41,499.9,0.3,3.55
U625N EXPLORER [20-27],6006,42,880,153,37,232.0,127.07,534.16,0.0,10.41
C346N FOCUS [12-18],RENTAL,*,861,65,26,856.44,399.67,931.38,0.0,4.0
P758N C-PICKUP [22-27],14290,X4,844,156,38,143.18,91.98,268.84,1.0,4.74
C520N ESCAPE [13-19],RENTAL,82,579,122,34,485.32,249.8,856.44,0.0,3.29
CD391N FUSION [13-20],6375,01,558,226,42,485.31,219.82,1156.15,1.0,1.58
P702N F150 [21-27],9C888,42,552,445,49,518.9,276.2,941.06,1.0,
ECONOLINE [97-27],00817,30,459,103,33,192.91,114.31,264.53,1.0,3.48
B515A ECOSPORT INDIA [13-22],RENTAL,42,400,26,12,856.44,545.98,963.5,0.0,1.5
B515A ECOSPORT INDIA [13-22],6K682,*,338,122,32,658.63,556.34,765.91,1.0,1.46
U611N AVIATOR [20-27],14G371,04,326,91,30,136.83,66.02,369.1,1.1,16.44
P702N F150 [21-27],4234,01,318,264,47,148.99,90.79,229.74,0.7,1.0
B515A ECOSPORT INDIA [13-22],6K682,42,318,64,21,653.94,581.12,737.1,1.0,1.23
P552N F-150 [15-20],14G371,04,303,265,43,541.66,162.19,902.34,1.3,1.0
CDX707A NAUTILUS [23-26],9F593,42,273,64,25,5311.16,322.45,7087.03,17.0,69.7
P702N F150 [21-27],RENTAL,42,220,26,13,856.44,485.32,1284.66,0.0,1.5
CX727N MACH-E [21-26],RECAL,04,214,77,25,192.43,96.51,323.97,1.7,1.69
P702N F150 [21-27],5K245,42,203,180,43,581.22,476.57,673.86,1.0,
U502N EXPLORER [11-19],14B192,46,200,166,37,274.03,91.78,1205.95,1.0,1.0
P702N F150 [21-27],17566,*,199,174,43,118.42,63.6,141.01,0.0,
CD391N FUSION [13-20],2B120,*,197,162,32,89.68,76.77,112.51,0.4,
U553N EXPEDITION [18-24],6256,42,193,161,38,124.9,82.77,249.5,0.0,1.0
CD391N FUSION [13-20],54221A00,*,191,152,37,47.01,41.15,65.35,0.0,1.0
P702N F150 [21-27],10D672,*,189,4,4,2973.99,2540.06,5075.83,0.0,1.0
CX482N ESCAPE [20-26],6303,D4,183,126,32,463.9,285.48,827.89,0.0,1.0
U502N EXPLORER [11-19],78551A46,33,182,162,41,195.03,114.24,323.86,0.5,
D544N CONTINENTAL [17-20],54632A22,42,177,144,36,542.57,381.13,711.41,0.0,
P702N F150 [21-27],14G647,04,177,146,40,286.92,150.11,791.94,1.9,
P702N F150 [21-27],1503100,68,174,157,40,511.34,433.36,956.32,0.0,
U625N EXPLORER [20-27],5E212,42,173,151,31,190.18,113.08,390.73,0.0,
CD391N FUSION [13-20],10B759,*,160,6,5,7102.28,7102.28,7603.76,0.0,1.0
U625N EXPLORER [20-27],4001,01,153,134,32,1189.72,731.2,2149.63,2.0,
C346N FOCUS [12-18],9D289,42,145,132,37,125.66,71.15,222.13,0.0,
P702N F150 [21-27],1523200,82,144,29,14,218.26,89.04,502.15,0.6,3.93
CX482N ESCAPE [20-26],7020125,61,142,37,22,362.67,160.58,685.15,0.0,1.49
C520N ESCAPE [13-19],6006,D8,140,51,22,428.22,189.34,856.44,0.0,3.33
CD391N FUSION [13-20],2B121,*,139,112,27,113.59,91.47,136.32,0.4,1.0
CD391N FUSION [13-20],2078,01,138,125,31,142.17,103.27,217.45,0.3,
U502N EXPLORER [11-19],W711336,*,138,100,28,103.53,81.54,118.33,1.0,1.0
P552N F-150 [15-20],78218A43,69,132,116,35,118.49,76.94,217.12,0.0,
CD391N FUSION [13-20],RENTAL,*,130,39,16,321.17,142.74,749.38,0.0,3.26
S550N MUSTANG [15-23],63264A26,42,128,122,37,102.52,60.45,195.31,0.0,
P708 F250 - 600 [23-27],19703,42,127,110,35,380.36,158.48,770.8,1.5,
C520N ESCAPE [13-19],RENTAL,D8,126,91,33,449.63,224.82,749.38,0.0,
CX430N C-SUV [21-27],14G371,04,126,102,38,159.3,76.34,403.04,1.3,1.0
P702N F150 [21-27],15K857,*,123,105,36,174.89,138.93,215.98,0.6,
C520N ESCAPE [13-19],6049,D8,113,104,33,927.07,787.0,1197.12,1.8,1.0
H567N MEDIUM TRUCK [16-27],5H221,42,110,87,35,167.98,118.33,324.03,0.2,1.0
P473N SUPER DUTY [11-16],5L227,42,109,108,34,471.21,432.64,525.58,0.0,
P558N SUPER DUTY [17-22],2503100,*,107,84,32,379.16,331.55,415.09,0.0,1.0
U625N EXPLORER [20-27],14529,91,105,96,36,84.88,61.65,107.11,0.2,
U502N EXPLORER [11-19],14B686,X4,102,94,30,307.83,113.91,522.39,0.5,
P702N F150 [21-27],14G650,04,102,84,30,259.03,164.05,534.45,2.6,1.0
P558N SUPER DUTY [17-22],3E651,42,100,80,34,119.87,70.38,303.57,0.5,1.0
V363N TRANSIT [14-27],12B591,01,96,30,17,1208.89,185.38,1585.28,5.2,11.41
P558N SUPER DUTY [17-22],78218A42,69,96,86,36,139.6,85.72,271.66,0.0,1.0
CX482N ESCAPE [20-26],14G371,04,92,89,33,528.96,176.13,961.27,2.0,
CX430N C-SUV [21-27],5E212,01,85,79,33,176.26,83.35,298.13,0.0,
CD539N EDGE [15-24],14G371,04,85,84,31,422.83,150.02,961.74,1.5,
B515A ECOSPORT INDIA [13-22],5E212,*,85,62,19,597.08,521.08,676.76,0.0,1.0
CX482N ESCAPE [20-26],9F479,04,84,67,25,98.49,72.8,230.81,1.0,1.0
U502N EXPLORER [11-19],5G232,42,83,66,24,150.41,85.01,315.17,0.5,
P702N F150 [21-27],1503100,*,82,74,35,453.53,410.26,524.13,0.0,
P702N F150 [21-27],3F791,42,81,65,28,201.41,129.18,399.61,1.6,1.0
CX482N ESCAPE [20-26],7823552,61,80,63,26,184.77,52.34,296.65,0.0,1.0
V363N TRANSIT [14-27],7A195,04,80,62,29,1443.92,111.39,2214.62,4.6,1.0
P375N RANGER [19-23],14G371,04,79,75,35,266.11,140.75,832.97,1.6,
ECONOLINE [97-27],7E395,30,79,12,8,187.73,180.37,209.57,1.2,1.0
P558N SUPER DUTY [17-22],2611130,*,77,63,26,92.49,67.27,108.67,0.2,
V363N TRANSIT [14-27],14G371,04,76,61,30,241.6,119.92,596.94,1.8,
U625N EXPLORER [20-27],78219A65,42,74,67,24,171.44,86.69,253.77,0.7,
U625N EXPLORER [20-27],4B425,*,72,15,11,252.61,180.84,371.48,2.0,1.45
CX727N MACH-E [21-26],7020124,D7,70,22,12,224.82,95.96,535.28,0.0,3.02
B515A ECOSPORT INDIA [13-22],9F593,*,69,60,26,137.83,80.23,249.09,0.0,
CX430N C-SUV [21-27],9002,X2,69,63,29,133.13,81.15,193.17,1.0,
CX482N ESCAPE [20-26],7820125,82,69,53,22,385.4,248.01,558.56,0.0,
P558N SUPER DUTY [17-22],14G371,04,68,65,30,616.17,261.46,861.47,1.5,
CX482N ESCAPE [20-26],14529,91,68,64,25,75.57,51.13,106.66,0.2,
CX482N ESCAPE [20-26],9002,X2,67,62,26,162.59,100.35,255.65,1.0,
P702N F150 [21-27],10B689,04,64,59,28,426.08,235.88,653.04,3.2,
CX727N MACH-E [21-26],RENTAL,82,63,42,22,256.93,160.58,545.98,0.0,1.0
CX727N MACH-E [21-26],14G650,04,61,40,18,169.42,95.65,337.22,1.6,1.0
P702N F150 [21-27],17508,*,61,57,28,222.63,135.79,290.42,0.7,
P702N F150 [21-27],1003100,*,59,49,28,487.39,454.68,538.71,0.0,
CX727N MACH-E [21-26],10B689,04,59,53,25,171.29,107.89,536.64,1.2,
U725N BRONCO [21-26],78205G44,D4,59,48,22,149.31,87.43,866.79,0.0,
CX482N ESCAPE [20-26],9F593,01,58,56,23,208.51,107.96,358.73,1.0,
P702N F150 [21-27],1S177,*,57,46,22,53.41,46.88,91.32,0.1,1.0
V363N TRANSIT [14-27],12A650,X9,57,53,24,269.02,141.31,627.9,1.1,
P702N F150 [21-27],14G490,04,56,49,25,160.93,68.0,392.9,1.3,
CX727N MACH-E [21-26],14A411,28,54,51,27,277.3,170.6,458.51,1.1,
C520N ESCAPE [13-19],6009,42,53,50,27,618.31,181.94,995.05,0.0,
D544N CONTINENTAL [17-20],19G490,42,53,49,25,130.82,97.6,243.49,0.0,
CD391N FUSION [13-20],2B120,42,53,45,26,92.56,79.62,118.15,0.4,
CX482N ESCAPE [20-26],14F642,42,51,47,19,163.12,128.36,277.07,1.1,
C520N ESCAPE [13-19],6049,42,51,49,20,1014.5,843.4,1284.15,1.8,
U625N EXPLORER [20-27],RENTAL,82,51,35,15,570.96,285.48,856.44,0.0,
V408E TRANSIT CONNECT [13-24],1750054,*,51,45,24,1809.86,1471.82,2434.78,0.0,
C520N ESCAPE [13-19],6009,82,50,44,21,542.41,249.8,856.44,0.0,
U725N BRONCO [21-26],7847076,*,49,38,19,2091.25,1633.79,2247.63,0.0,
P558N SUPER DUTY [17-22],14B321,X9,49,19,14,101.86,93.45,101.93,0.0,1.0
P558N SUPER DUTY [17-22],RENTAL,82,48,41,22,399.67,256.93,628.06,0.0,
P702N F150 [21-27],1654022,D4,48,42,19,329.73,124.99,1390.44,1.1,1.0
P558N SUPER DUTY [17-22],9943400,*,48,43,26,250.69,212.95,294.5,0.2,
CD533N MKZ [13-20],6375,01,48,48,25,585.39,180.52,1338.32,0.6,
CD391N FUSION [13-20],5426685,*,48,45,19,59.2,52.39,84.99,0.0,
CX482N ESCAPE [20-26],5E212,01,47,43,23,219.56,113.23,300.53,0.1,
P702N F150 [21-27],14A626,04,47,44,25,322.15,128.05,672.38,1.3,
CX482N ESCAPE [20-26],7821597,61,47,42,21,283.61,229.72,353.97,0.0,
U554N NAVIGATOR [18-24],6256,42,47,32,14,110.47,81.15,256.93,0.0,1.0
U502N EXPLORER [11-19],1104,79,47,45,19,385.17,305.44,491.28,0.0,
P702N F150 [21-27],15K857,42,45,40,23,175.44,148.33,212.58,0.8,
CD391N FUSION [13-20],14G371,04,45,44,22,385.15,128.99,778.25,1.1,
U553N EXPEDITION [18-24],14G647,42,45,44,25,285.98,159.68,420.98,1.9,
P552N F-150 [15-20],15604,42,45,44,24,493.82,416.08,546.11,0.0,
B515A ECOSPORT INDIA [13-22],6K682,01,44,29,18,643.38,604.81,706.11,1.0,1.0
P558N SUPER DUTY [17-22],RENTAL,*,44,34,20,678.02,385.4,963.5,0.0,
CD391N FUSION [13-20],2B120,01,43,31,17,91.7,82.18,121.84,0.4,
U553N EXPEDITION [18-24],14G371,04,43,42,22,748.79,378.27,958.76,1.5,
C520N ESCAPE [13-19],9F593,D8,42,37,20,182.91,92.83,322.34,0.0,1.0
B515A ECOSPORT INDIA [13-22],8A365,*,41,39,16,73.77,57.96,87.2,0.0,
U502N EXPLORER [11-19],7855114,*,41,39,21,176.17,122.37,243.69,0.5,
CD391N FUSION [13-20],RENTAL,D8,41,33,13,449.63,228.38,799.34,0.0,
U553N EXPEDITION [18-24],14A068,42,41,39,17,709.82,294.14,1324.64,3.7,
P702N F150 [21-27],15K857,01,40,35,17,143.74,114.55,182.29,0.7,
P558N SUPER DUTY [17-22],9940700,42,40,35,21,1897.65,1752.88,2677.47,5.4,
CX727N MACH-E [21-26],18C612,04,40,37,17,111.16,70.52,254.06,1.0,
P552N F-150 [15-20],RECAL,42,40,28,18,101.86,93.45,293.5,1.0,1.0
CD539N EDGE [15-24],14G371,*,39,39,19,508.53,313.03,777.16,1.9,
P552N F-150 [15-20],1521813,*,39,32,20,120.97,88.01,193.08,0.5,
CX482N ESCAPE [20-26],5823209,61,37,29,17,190.42,144.92,233.33,0.0,1.0
C346N FOCUS [12-18],6K682,*,37,34,20,699.5,618.65,812.51,1.0,
U625N EXPLORER [20-27],19H405,*,37,35,21,1467.32,894.99,1845.07,1.0,
P702N F150 [21-27],13C788,*,36,32,21,258.07,208.06,333.48,1.1,
U725N BRONCO [21-26],7803100,82,36,28,17,467.6,411.1,498.15,0.0,
U611N AVIATOR [20-27],19G490,42,36,32,21,191.34,141.21,328.9,0.3,
C520N ESCAPE [13-19],7E395,*,36,34,23,345.64,280.25,409.31,3.1,
CX483N CORSAIR [20-26],18B849,38,36,8,7,92.3,64.23,149.43,0.6,1.21
U725N BRONCO [21-26],18A161,*,36,30,18,188.37,85.5,262.13,0.6,
U625N EXPLORER [20-27],17D696,42,36,33,16,102.84,88.42,122.68,0.1,
P473N SUPER DUTY [11-16],5J213,42,35,32,16,237.36,136.32,404.6,0.5,
U725N BRONCO [21-26],7803100,01,35,32,22,449.02,429.68,519.79,0.0,
P473N SUPER DUTY [11-16],5H221,42,35,33,18,512.89,249.51,802.09,0.0,
V363N TRANSIT [14-27],9D370,42,35,33,20,106.46,56.48,258.82,0.0,
U554N NAVIGATOR [18-24],19G490,42,34,32,24,247.95,168.25,591.89,1.0,
P708 F250 - 600 [23-27],14G229,*,34,32,17,542.18,370.17,666.59,0.2,
B515A ECOSPORT INDIA [13-22],W715309,*,34,29,19,253.48,190.08,554.95,1.9,
CD391N FUSION [13-20],6049,D8,34,29,15,893.03,744.25,1130.55,1.2,1.0
CD391N FUSION [13-20],2B121,42,34,31,17,117.6,94.69,138.45,0.4,
CD391N FUSION [13-20],54221A00,42,34,30,20,50.0,44.59,69.77,0.0,
D258N TAURUS [10-19],78201B69,01,33,4,4,2063.09,366.69,2267.87,2.5,1.0
B515A ECOSPORT INDIA [13-22],11002,*,33,30,14,341.32,280.68,512.58,0.7,
ECONOLINE [97-27],3A717,12,33,27,19,282.5,87.61,636.0,1.0,
P702N F150 [21-27],17566,01,33,30,21,132.43,99.22,183.66,0.5,
CX483N CORSAIR [20-26],14G371,04,33,19,12,96.29,92.0,333.31,1.0,1.0
V363N TRANSIT [14-27],7A195,42,33,17,12,222.57,185.48,1938.12,1.6,1.0
P702N F150 [21-27],1621597,41,33,32,18,137.74,61.11,335.47,0.7,
P552N F-150 [15-20],1521813,42,32,30,18,207.42,157.58,266.0,1.2,
U625N EXPLORER [20-27],14G371,*,32,31,22,711.63,616.04,805.86,0.0,
P708 F250 - 600 [23-27],14B291,04,32,32,25,122.43,53.58,195.42,0.8,
V408E TRANSIT CONNECT [13-24],5403100,82,32,20,15,400.21,262.56,454.67,0.0,1.0
CX482N ESCAPE [20-26],78219A65,61,32,30,20,392.73,323.75,474.23,0.0,
CX482N ESCAPE [20-26],8312,33,32,21,15,107.06,86.43,207.27,0.9,1.0
U625N EXPLORER [20-27],5G203,*,31,31,16,221.35,172.57,306.98,0.2,
P702N F150 [21-27],6019,D8,31,29,19,142.83,48.66,239.8,0.0,
U625N EXPLORER [20-27],RENTAL,*,31,24,12,385.4,174.86,749.38,0.0,
S550N MUSTANG [15-23],6582,D8,31,22,13,134.18,63.19,147.83,1.0,1.0
P702N F150 [21-27],17566,42,31,29,19,134.64,114.61,177.36,0.5,
P473N SUPER DUTY [11-16],5J225,82,30,19,12,700.83,563.56,798.18,0.0,1.0
CX727N MACH-E [21-26],RENTAL,*,30,29,11,171.29,128.47,399.67,0.0,
P558N SUPER DUTY [17-22],9943400,42,30,29,21,277.62,222.03,371.51,0.2,
P552N F-150 [15-20],9943400,42,30,29,20,368.1,244.27,477.42,0.6,
P552N F-150 [15-20],5E212,42,30,28,19,1746.83,1181.09,2003.23,2.1,
CX482N ESCAPE [20-26],7820125,91,30,22,15,270.05,171.29,569.73,0.0,
