state,claims,med_cost,mean_cost,med_labor_hrs,med_labor_cost,med_material
AK,38488,319.67,709.16,1.2,163.12,74.89
ID,131479,292.87,642.74,1.2,138.04,79.73
CA,1981288,285.48,761.96,1.0,135.39,61.4
MI,1577007,282.24,516.86,0.5,53.53,134.03
UT,204529,281.12,633.22,1.2,139.64,67.17
HI,42668,279.56,640.67,1.0,118.28,86.85
CO,330673,279.11,714.67,1.0,130.39,67.71
RI,45501,276.19,654.37,1.0,115.23,58.54
FL,1769776,272.08,686.05,0.8,106.91,64.81
NV,190913,268.85,628.69,1.0,135.6,69.97
IL,780960,267.92,666.87,1.2,130.21,56.88
NJ,578601,267.22,708.89,1.1,139.04,71.99
MA,352115,262.86,648.18,1.1,123.33,68.22
AZ,494265,261.49,606.1,0.9,104.31,70.26
MS,100040,260.63,651.24,1.0,107.17,91.65
NY,798973,260.19,650.83,1.1,120.76,72.45
MT,80328,256.93,621.85,1.1,117.98,67.49
VA,464017,254.35,595.15,1.0,117.52,70.54
CT,149471,253.19,646.4,1.2,127.62,74.86
AL,240332,251.54,643.5,1.0,108.82,65.12
MD,315125,249.8,640.11,0.9,106.81,61.5
SC,228428,249.8,648.9,0.9,108.48,61.38
MN,399595,247.16,614.77,1.0,127.38,52.85
GA,546782,245.23,622.09,1.0,108.97,66.16
TX,1947241,243.41,598.24,0.9,106.77,64.8
OK,245759,243.14,636.45,1.0,112.8,77.22
OR,186577,240.87,591.33,1.0,117.58,61.94
TN,302944,240.48,640.91,0.9,104.12,67.14
WA,296103,238.05,614.8,0.9,122.9,48.8
NH,116611,237.44,576.68,1.1,119.9,63.28
LA,242408,235.67,572.22,0.9,95.06,74.61
ME,96259,235.53,535.5,1.2,115.03,68.87
VT,59633,235.31,473.79,1.2,104.85,81.85
AR,131794,231.34,580.49,1.0,101.7,69.6
ND,74796,230.87,571.83,1.1,121.69,61.95
WV,84054,230.65,569.43,1.2,102.77,77.81
PA,853122,228.38,576.9,1.0,107.15,63.78
NM,114241,224.82,564.54,0.9,100.35,67.03
NE,131622,224.18,523.42,1.0,100.43,64.36
WI,418775,224.1,546.3,1.0,114.71,52.77
IN,364221,222.72,536.57,1.0,98.95,58.77
DE,55782,222.15,656.03,1.0,108.34,52.45
MO,379421,219.98,573.71,1.0,103.63,56.34
OH,798790,218.6,545.47,0.9,107.06,55.95
NC,514901,214.6,608.81,0.9,101.6,55.25
KY,168906,214.11,561.25,1.0,93.89,57.88
KS,188412,211.16,533.41,0.9,94.87,60.85
IA,228113,208.75,496.49,1.0,102.52,57.77
WY,40122,207.5,512.71,1.0,103.89,66.55
SD,81786,191.59,474.09,1.0,95.06,59.28
