veh_line_desc,prt_num_causl_base_cd,cond_cd,states,claims,cost_min,cost_max,cost_ratio,hrs_min,hrs_max
V363N TRANSIT [14-27],6006,82,9,542,62.14,7055.51,113.54,0.0,0.0
U611N AVIATOR [20-27],6006,42,8,550,80.4,8616.94,107.18,0.3,23.8
P558N SUPER DUTY [17-22],6006,82,14,1038,84.42,7238.51,85.75,0.0,0.0
P708 F250 - 600 [23-27],6006,42,27,1962,143.81,11514.81,80.07,1.3,40.0
ECONOLINE [97-27],6006,82,5,213,103.49,6780.15,65.52,0.0,0.0
P702N F150 [21-27],10D672,42,50,57576,48.44,2789.85,57.6,0.0,0.6
U625N EXPLORER [20-27],6006,42,41,7638,142.05,7893.16,55.56,1.0,23.3
CX483N CORSAIR [20-26],6006,42,5,197,109.41,5945.11,54.34,0.5,19.4
P552N F-150 [15-20],6009,42,19,1198,170.85,8752.36,51.23,0.9,24.2
P552N F-150 [15-20],6006,42,50,43127,122.51,6164.33,50.32,0.9,15.6
P552N F-150 [15-20],7000,82,25,2018,92.5,4211.79,45.54,0.0,1.0
P375N RANGER [19-23],7000,42,36,3930,161.02,6365.93,39.53,1.1,14.5
S550N MUSTANG [15-23],7000,42,19,1910,124.12,4538.89,36.57,1.5,11.4
P702N F150 [21-27],7000,42,43,9885,129.22,4602.44,35.62,1.1,12.3
P558N SUPER DUTY [17-22],7000,82,31,2711,188.3,5436.74,28.87,0.0,1.0
U554N NAVIGATOR [18-24],7000,42,30,4479,291.0,7363.56,25.3,3.1,13.6
P552N F-150 [15-20],6006,D8,14,724,180.85,4465.96,24.69,0.9,13.5
V363N TRANSIT [14-27],7000,82,19,1233,249.76,5539.67,22.18,0.0,1.0
V408E TRANSIT CONNECT [13-24],7000,82,8,367,254.96,5465.75,21.44,0.0,0.0
P708 F250 - 600 [23-27],7000,42,39,4158,301.0,6267.93,20.82,2.7,13.1
P702N F150 [21-27],19860,42,48,37600,36.58,726.01,19.84,0.3,5.5
U625N EXPLORER [20-27],6675,D8,25,2255,331.64,5605.56,16.9,1.1,30.1
U611N AVIATOR [20-27],7000,42,21,1791,316.44,5213.23,16.47,2.9,10.6
CD539N EDGE [15-24],6375,01,45,12248,109.92,1808.05,16.45,1.3,10.7
C489N MKC [15-19],3504,42,6,222,124.82,2006.17,16.07,1.6,3.5
P552N F-150 [15-20],6006,82,13,836,66.16,1041.56,15.74,0.0,0.9
U553N EXPEDITION [18-24],7000,42,42,10041,406.67,6138.7,15.1,2.4,13.6
U625N EXPLORER [20-27],6675,42,6,304,344.99,5087.9,14.75,1.1,30.9
CX483N CORSAIR [20-26],3C529,42,8,440,102.77,1441.29,14.02,0.9,1.9
U725N BRONCO [21-26],H42006,42,6,264,71.37,979.32,13.72,0.0,0.7
CX430N C-SUV [21-27],SHUTTLE,82,16,992,51.39,693.72,13.5,0.0,0.0
U625N EXPLORER [20-27],SHUTTLE,82,33,4842,51.39,693.72,13.5,0.0,0.0
V408E TRANSIT CONNECT [13-24],SHUTTLE,82,30,6303,51.39,693.72,13.5,0.0,0.0
P758N C-PICKUP [22-27],SHUTTLE,82,5,186,51.39,693.72,13.5,0.0,0.0
U725N BRONCO [21-26],7000,42,11,674,383.14,5153.62,13.45,3.2,11.7
U553N EXPEDITION [18-24],SHUTTLE,82,11,666,51.39,668.02,13.0,0.0,0.0
P702N F150 [21-27],SHUTTLE,82,18,1374,51.39,668.02,13.0,0.0,0.0
ECONOLINE [97-27],5E212,82,6,374,159.87,2060.3,12.89,0.0,0.0
U725N BRONCO [21-26],COURTESY,82,15,752,111.87,1423.83,12.73,0.0,0.0
P552N F-150 [15-20],SHUTTLE,82,5,419,51.39,649.47,12.64,0.0,0.0
P702N F150 [21-27],COURTESY,82,20,1944,237.31,2942.98,12.4,0.0,0.0
CX482N ESCAPE [20-26],3C529,42,19,1402,116.59,1442.83,12.38,1.0,1.9
P558N SUPER DUTY [17-22],6A785,55,42,8029,192.88,2361.78,12.24,0.9,9.6
U625N EXPLORER [20-27],13C788,42,23,1675,42.47,508.73,11.98,0.5,2.5
CX727N MACH-E [21-26],7020124,D7,13,1982,42.7,504.41,11.81,0.4,3.3
U553N EXPEDITION [18-24],COURTESY,82,9,497,267.64,3088.93,11.54,0.0,0.0
U502N EXPLORER [11-19],6006,42,11,810,621.05,7158.85,11.53,4.2,22.3
U725N BRONCO [21-26],2B325,X2,16,945,145.61,1666.91,11.45,1.1,2.2
P702N F150 [21-27],1007,82,9,718,85.64,967.29,11.29,0.0,0.4
P552N F-150 [15-20],6268,42,6,235,171.47,1923.74,11.22,0.0,13.2
P702N F150 [21-27],7H351,42,45,14076,281.86,3136.35,11.13,2.2,19.5
U540N MKX [16-23],6006,42,5,234,81.0,896.26,11.07,0.0,4.2
P702N F150 [21-27],16502C22,42,13,822,209.48,2309.03,11.02,0.4,8.1
CX727N MACH-E [21-26],14G650,04,25,3298,38.54,421.98,10.95,0.4,4.1
P708 F250 - 600 [23-27],COURTESY,82,6,376,310.52,3372.1,10.86,0.0,0.0
U554N NAVIGATOR [18-24],7A100,49,27,2991,74.88,789.99,10.55,0.8,5.3
U553N EXPEDITION [18-24],7A100,49,43,12067,67.2,651.1,9.69,0.8,5.3
H567N MEDIUM TRUCK [16-27],6A785,55,15,1039,258.22,2471.41,9.57,1.2,6.8
U554N NAVIGATOR [18-24],6006,42,14,1331,94.74,885.35,9.35,0.4,5.5
P558N SUPER DUTY [17-22],78218A42,69,40,6084,84.53,787.54,9.32,1.0,7.3
U625N EXPLORER [20-27],COURTESY,82,22,1830,231.85,2121.42,9.15,0.0,0.0
P702N F150 [21-27],1007,42,11,735,105.51,961.76,9.12,0.6,1.1
P552N F-150 [15-20],7A100,49,50,36224,64.53,587.31,9.1,0.8,4.7
CD533N MKZ [13-20],6375,01,19,1802,249.72,2214.75,8.87,1.9,12.0
P558N SUPER DUTY [17-22],6701,D8,36,4789,137.52,1217.22,8.85,1.0,9.5
P558N SUPER DUTY [17-22],19E616,01,41,9412,75.11,660.99,8.8,0.5,5.6
U725N BRONCO [21-26],14G670,04,34,3698,89.93,787.92,8.76,1.0,6.6
P558N SUPER DUTY [17-22],7D019,42,41,5888,190.57,1638.86,8.6,2.1,11.2
V363N TRANSIT [14-27],19703,42,47,23509,103.28,842.24,8.15,1.1,2.8
CD539N EDGE [15-24],COURTESY,82,7,391,285.48,2272.1,7.96,0.0,0.0
S550N MUSTANG [15-23],7A100,49,29,4660,70.94,560.6,7.9,0.8,4.5
P702N F150 [21-27],7A100,42,49,23401,116.13,916.08,7.89,1.1,5.6
CX482N ESCAPE [20-26],7820124,61,42,10947,236.74,1859.3,7.85,1.4,9.8
CX483N CORSAIR [20-26],14F642,04,11,1017,48.6,375.0,7.72,0.4,3.3
CDX707A NAUTILUS [23-26],18125,42,35,5966,84.17,643.58,7.65,0.9,1.8
P702N F150 [21-27],7A100,49,19,2328,164.91,1201.95,7.29,1.7,8.4
P552N F-150 [15-20],19E616,01,14,832,102.36,743.95,7.27,0.5,5.6
P552N F-150 [15-20],6L266,42,29,2191,208.43,1507.22,7.23,0.0,12.6
U625N EXPLORER [20-27],4B425,42,10,746,171.29,1218.69,7.11,0.0,8.0
P375N RANGER [19-23],7A100,49,33,2930,73.74,523.54,7.1,0.8,4.6
P552N F-150 [15-20],6700,D8,14,756,226.76,1606.63,7.09,1.8,9.9
P473N SUPER DUTY [11-16],9H529,42,15,1170,383.76,2715.56,7.08,0.0,4.8
U625N EXPLORER [20-27],6335,D8,7,334,218.41,1520.79,6.96,1.1,10.6
CD391N FUSION [13-20],10B759,42,6,1504,910.82,6171.36,6.78,0.0,4.3
U625N EXPLORER [20-27],4A015,42,35,3868,167.45,1133.05,6.77,1.7,9.3
V363N TRANSIT [14-27],15604,04,15,5564,93.77,633.5,6.76,0.8,1.7
B515A ECOSPORT INDIA [13-22],RENTAL,82,43,16485,142.74,963.5,6.75,0.0,0.0
CX482N ESCAPE [20-26],6049,42,38,5562,415.82,2800.66,6.74,3.2,16.4
V363N TRANSIT [14-27],SERVICE,82,26,5277,35.68,239.29,6.71,0.0,1.0
P552N F-150 [15-20],6731,82,40,8450,50.57,334.63,6.62,0.0,1.4
U540N MKX [16-23],4000,42,27,3560,271.0,1763.78,6.51,1.5,7.0
U625N EXPLORER [20-27],7A100,42,50,29912,137.12,888.66,6.48,1.3,5.2
H567N MEDIUM TRUCK [16-27],19703,42,22,1845,165.22,1053.17,6.37,1.4,3.3
P702N F150 [21-27],19E616,42,24,2072,86.65,548.95,6.34,0.7,4.0
P558N SUPER DUTY [17-22],5005,01,48,13540,505.37,3201.37,6.33,1.5,23.0
CX727N MACH-E [21-26],COURTESY,82,16,1312,297.97,1883.46,6.32,0.0,0.0
U554N NAVIGATOR [18-24],15604,42,15,983,75.5,474.03,6.28,0.6,2.8
U553N EXPEDITION [18-24],7A100,42,46,22088,192.58,1207.47,6.27,1.5,5.5
P708 F250 - 600 [23-27],12A650,42,29,1916,114.06,709.73,6.22,1.0,3.0
P558N SUPER DUTY [17-22],1007,82,11,1055,99.91,621.18,6.22,0.0,0.0
CX482N ESCAPE [20-26],COURTESY,82,10,534,284.45,1751.82,6.16,0.0,0.0
P558N SUPER DUTY [17-22],19E616,42,44,7329,89.91,552.62,6.15,0.8,4.0
U625N EXPLORER [20-27],7811782,42,20,1638,82.2,497.81,6.06,0.5,1.2
U553N EXPEDITION [18-24],7B215,D8,22,1282,131.93,796.24,6.04,0.9,5.5
P702N F150 [21-27],DELIVERY,82,16,1244,35.68,214.11,6.0,0.0,0.0
U625N EXPLORER [20-27],DELIVERY,82,19,1804,35.68,214.11,6.0,0.0,0.0
CX430N C-SUV [21-27],8501,01,6,460,103.19,614.38,5.95,1.2,3.5
ECONOLINE [97-27],TIRE,82,5,280,108.69,646.99,5.95,0.0,0.5
V363N TRANSIT [14-27],9961711,01,24,4880,404.18,2383.52,5.9,0.0,10.0
P552N F-150 [15-20],7A100,42,50,40134,174.64,1029.33,5.89,1.6,5.5
P758N C-PICKUP [22-27],19703,42,22,1736,195.9,1142.45,5.83,1.0,2.7
CX727N MACH-E [21-26],14G670,04,18,1824,119.9,696.03,5.81,1.0,5.0
U625N EXPLORER [20-27],4A015,D8,44,19992,188.27,1086.75,5.77,1.5,7.4
P702N F150 [21-27],6006,82,6,503,55.3,314.03,5.68,0.0,2.0
U554N NAVIGATOR [18-24],7B215,D8,5,217,232.35,1310.77,5.64,1.2,5.5
P702N F150 [21-27],18125,42,37,3845,163.29,917.18,5.62,0.3,1.0
U725N BRONCO [21-26],7P238,42,22,1449,52.17,292.5,5.61,0.4,1.1
ECONOLINE [97-27],SERVICE,82,6,482,35.68,200.04,5.61,0.0,1.0
P552N F-150 [15-20],19E616,42,42,6141,104.51,575.46,5.51,0.8,4.3
U718N NAVIGATOR [25-27],DELIVERY,82,26,4116,49.96,274.94,5.5,0.0,1.8
U540N MKX [16-23],5844210,33,9,449,137.99,758.78,5.5,0.9,1.0
U725N BRONCO [21-26],15K601,42,8,553,39.4,214.95,5.45,0.2,0.4
U625N EXPLORER [20-27],14B291,42,32,4170,83.85,453.83,5.41,0.7,1.8
CX727N MACH-E [21-26],SHUTTLE,82,16,1156,128.47,693.72,5.4,0.0,0.0
U717N EXPEDITION [25-27],COURTESY,82,10,528,189.13,1007.57,5.33,0.0,0.0
U554N NAVIGATOR [18-24],SERVICE,82,13,2235,35.68,189.84,5.32,0.0,1.1
CX483N CORSAIR [20-26],7A100,42,6,339,277.49,1476.25,5.32,1.8,6.3
CX482N ESCAPE [20-26],19703,42,47,12811,137.37,727.86,5.3,1.4,2.0
CD391N FUSION [13-20],48H6,42,28,3255,45.89,242.17,5.28,0.4,0.6
ECONOLINE [97-27],INSPECT,82,7,480,75.62,397.41,5.26,0.0,0.0
P558N SUPER DUTY [17-22],1125,82,14,912,149.84,786.51,5.25,0.0,1.2
U553N EXPEDITION [18-24],14A068,42,32,2740,51.39,268.28,5.22,0.5,1.2
P702N F150 [21-27],10654,42,42,6973,50.17,261.53,5.21,0.5,0.9
U554N NAVIGATOR [18-24],10654,42,7,331,44.96,232.66,5.17,0.3,0.6
U611N AVIATOR [20-27],COURTESY,82,5,243,182.71,941.91,5.16,0.0,0.0
U625N EXPLORER [20-27],10655,42,12,1532,53.53,274.35,5.13,0.0,0.7
V363N TRANSIT [14-27],1007,82,8,479,64.4,329.54,5.12,0.0,0.4
U554N NAVIGATOR [18-24],7A100,42,34,6264,257.75,1315.36,5.1,2.0,5.6
V363N TRANSIT [14-27],14401,28,14,1349,152.65,770.92,5.05,1.1,6.2
U625N EXPLORER [20-27],7000,42,45,14210,894.02,4496.7,5.03,5.1,13.4
V363N TRANSIT [14-27],14401,42,7,447,617.15,3100.8,5.02,2.9,10.6
CX482N ESCAPE [20-26],14G647,42,15,1019,232.52,1165.33,5.01,1.4,3.1
P558N SUPER DUTY [17-22],RENTAL,82,49,31418,85.64,428.22,5.0,0.0,0.0
V363N TRANSIT [14-27],7A100,49,9,419,173.66,866.17,4.99,1.9,6.0
P702N F150 [21-27],14F642,04,8,587,69.16,345.4,4.99,0.6,3.0
P702N F150 [21-27],ENTRE,82,6,471,60.82,300.82,4.95,0.0,2.0
P558N SUPER DUTY [17-22],14407,49,44,4581,270.36,1336.56,4.94,0.6,1.5
U625N EXPLORER [20-27],4A015,D1,7,575,216.22,1066.05,4.93,1.4,7.3
CX482N ESCAPE [20-26],14290,42,6,238,395.0,1943.67,4.92,2.3,6.3
V363N TRANSIT [14-27],8005,42,9,571,159.13,780.81,4.91,0.6,3.5
CD391N FUSION [13-20],7A100,42,7,415,571.65,2803.79,4.9,4.2,14.5
CX483N CORSAIR [20-26],SERVICE,82,13,3349,35.68,174.86,4.9,0.0,0.6
P708 F250 - 600 [23-27],7A100,42,40,5826,141.1,690.37,4.89,1.3,4.1
P552N F-150 [15-20],94RH7,42,33,4360,47.53,231.84,4.88,0.5,0.7
U725N BRONCO [21-26],7A100,42,14,1328,212.29,1034.29,4.87,1.6,5.8
U625N EXPLORER [20-27],TCARE,82,26,10839,53.53,259.62,4.85,0.0,0.4
P552N F-150 [15-20],ENTRE,82,5,645,58.88,285.19,4.84,0.0,0.5
P708 F250 - 600 [23-27],14G371,42,39,4165,95.22,456.63,4.8,1.0,2.2
U611N AVIATOR [20-27],14B291,42,14,945,62.45,299.44,4.79,0.6,1.9
P708 F250 - 600 [23-27],14G229,42,46,5729,113.26,540.05,4.77,1.2,3.2
U625N EXPLORER [20-27],10654,42,22,1600,50.74,241.64,4.76,0.3,0.7
P558N SUPER DUTY [17-22],7A100,42,46,13432,193.98,923.39,4.76,1.5,3.5
P552N F-150 [15-20],78218A42,69,49,29340,139.6,661.0,4.73,1.2,5.0
U554N NAVIGATOR [18-24],14G371,42,32,8437,89.93,425.79,4.73,0.0,2.0
U611N AVIATOR [20-27],SERVICE,82,16,2719,35.68,168.43,4.72,0.0,1.3
P473N SUPER DUTY [11-16],INSPECT,82,8,1160,61.27,288.52,4.71,0.0,1.5
P702N F150 [21-27],14G490,42,32,3163,196.55,919.9,4.68,1.7,3.5
CX430N C-SUV [21-27],14G371,42,35,7950,93.31,435.84,4.67,0.0,2.8
U554N NAVIGATOR [18-24],10E947,42,15,1335,73.94,344.36,4.66,0.4,2.3
CX482N ESCAPE [20-26],7823552,42,16,1092,325.17,1513.14,4.65,0.0,7.8
U611N AVIATOR [20-27],7811782,33,7,534,73.1,339.6,4.65,0.6,1.0
P552N F-150 [15-20],6256,82,16,1095,456.95,2113.81,4.63,0.0,0.0
P702N F150 [21-27],14G229,42,36,3506,119.4,552.38,4.63,1.3,2.9
P708 F250 - 600 [23-27],12A650,04,16,829,39.57,183.04,4.63,0.3,1.4
P558N SUPER DUTY [17-22],6695,42,23,1471,502.49,2321.93,4.62,4.5,107.0
CX482N ESCAPE [20-26],14F642,04,15,2404,53.47,246.71,4.61,0.5,2.0
P558N SUPER DUTY [17-22],65,28,11,2372,56.64,260.66,4.6,0.4,0.6
P702N F150 [21-27],14G371,04,46,17021,124.98,571.25,4.57,1.2,4.6
P702N F150 [21-27],TCARE,82,27,12358,53.53,244.72,4.57,0.0,0.4
U625N EXPLORER [20-27],4676,D8,37,5898,212.88,973.09,4.57,1.6,7.3
P702N F150 [21-27],16500A18,42,5,352,365.11,1657.4,4.54,1.6,3.7
P758N C-PICKUP [22-27],12A650,42,9,489,182.61,826.62,4.53,1.5,2.7
CD539N EDGE [15-24],8501,42,9,480,330.38,1495.92,4.53,2.1,10.5
P552N F-150 [15-20],7B215,D8,15,1035,159.53,721.77,4.52,1.0,4.9
U625N EXPLORER [20-27],12A650,42,36,4170,145.85,658.2,4.51,1.0,2.8
U553N EXPEDITION [18-24],RENTAL,82,49,44777,64.23,289.05,4.5,0.0,0.0
D258N TAURUS [10-19],6714,82,7,871,39.88,178.86,4.48,0.0,0.6
U611N AVIATOR [20-27],7A100,42,25,2997,223.3,999.78,4.48,2.0,7.3
U553N EXPEDITION [18-24],3C247,D4,16,822,167.16,743.24,4.45,1.3,2.5
U222N EXPEDITION [02-17],6714,82,5,304,39.07,173.8,4.45,0.0,0.3
P552N F-150 [15-20],3C247,D4,49,18609,183.09,814.1,4.45,1.1,2.5
P552N F-150 [15-20],48H6,42,45,13112,59.12,262.69,4.44,0.5,0.7
P558N SUPER DUTY [17-22],7A100,49,45,7244,196.98,869.15,4.41,2.3,9.6
P552N F-150 [15-20],12A650,04,5,345,44.16,193.41,4.38,0.4,1.1
U611N AVIATOR [20-27],10654,42,6,277,55.08,240.1,4.36,0.3,0.6
P552N F-150 [15-20],1007,82,5,415,123.33,537.44,4.36,0.0,0.4
P708 F250 - 600 [23-27],14B291,42,44,7168,66.37,287.32,4.33,0.6,1.3
P702N F150 [21-27],2001,82,6,442,86.59,374.92,4.33,0.0,0.5
P702N F150 [21-27],19H332,04,42,5418,68.13,295.21,4.33,0.6,2.9
U625N EXPLORER [20-27],6700,D8,7,396,392.91,1700.96,4.33,3.0,10.7
