rep_cat_label,n,cost_mean,cost_std,gcost_mean,gcost_std,ghrs_mean,ghrs_std,soln_nunique,soln_count,cost_cv,gcost_cv,ghrs_cv,soln_divergence
Gas Engine Repair,188568,13424.07,46992.33,3206.09,5354.84,12.585067169762224,7.808105147814792,14168,15918,3.50060089821262,1.6702087439562987,0.6204261798916021,0.890061565523307
Electrical / Body,150028,2978.46,6798.88,1675.67,3203.3,4.874723446081687,6.268076751572348,8158,10986,2.2826833912532773,1.9116512580051968,1.2858322776465692,0.7425814673220462
Not Applicable,143469,6273.27,18907.88,1143.23,1781.01,2.8283448959365707,5.695647971818419,60361,79446,3.014041162960048,1.5578773761399585,2.013774197058233,0.7597739344963875
Automatic Transmission,125543,16825.63,51568.07,4297.27,7159.21,15.505475185033829,7.567500622293139,5288,5638,3.064852520677628,1.6659881486791532,0.4880534477006826,0.937921248669741
Steering / Suspension,68580,4525.71,12101.7,2616.94,5468.03,6.256368606320426,5.988743332830848,7915,9776,2.673989105342564,2.089480142164084,0.9572235444664796,0.8096358428805237
Climate Control,54764,4067.12,6634.1,1836.43,2585.54,6.873398543281352,5.779402285863015,4408,5099,1.6311533225671526,1.4079116225778163,0.8408361961656213,0.8644832320062757
Manual Transmission / Driveline,47699,5267.95,17720.4,2341.68,2885.7,8.764604396157136,7.308898073732851,2229,2459,3.3638104429091062,1.232319011484987,0.8339107783275942,0.906466043106954
Gas Engine Performance,46694,12220.37,63686.38,3047.66,7981.22,8.755963776007336,7.816083652957245,5127,6116,5.211491615883197,2.6188065831741887,0.8926582901558473,0.8382930019620667
Loaner Expense Approval,34171,3486.7,5020.22,2295.78,2577.51,8.073725873596569,7.836857363390709,644,692,1.4398181920423805,1.1227170483007456,0.9706618091926444,0.930635838150289
Brakes,18140,2373.12,7212.13,1366.27,2687.09,4.642548666775724,5.178793048416452,2005,2870,3.039093837442587,1.966731519479836,1.115506464257089,0.6986062717770035
Maintenance / Wear Item,16307,621.9,3610.2,635.32,1804.45,2.298476651480638,3.609221614636376,4056,7524,5.805141967925885,2.8401973802135703,1.5702668166376108,0.5390749601275917
Diesel Engine Repair,15153,15696.63,54562.78,3247.42,4566.85,13.451294668064856,8.680231142731019,646,664,3.476082448555049,1.4063007274406916,0.6453082292025786,0.9728915662650602
Diesel Engine Performance,13302,10357.98,31332.41,2483.41,3754.53,7.169075033582806,7.785997823257062,613,709,3.024954444450255,1.5118435225503106,1.0860533313969156,0.8645980253878702
QFC,13003,450.84,1098.84,395.58,664.33,0.7538729563119807,2.439596857613053,622,834,2.437331564842564,1.6793594053139598,3.236084856456181,0.7458033573141487
Refund Request,2422,2125.38,5064.99,1169.1,2844.38,2.7509049773755656,5.224958529330931,182,231,2.383097154923247,2.4329769744875995,1.899359873315463,0.7878787878787878
Canada Only - TireCARE,464,900.68,1607.51,459.88,556.24,0.6891737891737892,1.1604418621479131,71,90,1.7847629842029482,1.2095455846579266,1.6838160132861408,0.7888888888888889
