rep_cat_label,rep_sub_cat_label,n,cost_mean,cost_std,gcost_mean,gcost_std,ghrs_mean,ghrs_std,soln_nunique,soln_count,cost_cv,gcost_cv,ghrs_cv,soln_divergence
Not Applicable,Not Applicable,143469,6273.27,18907.88,1143.23,1781.01,2.8283448959365707,5.695647971818419,60361,79446,3.014041162960048,1.5578773761399585,2.013774197058233,0.7597739344963875
Automatic Transmission,Harsh Shift,53897,18508.66,61148.73,4765.75,7911.24,17.267767194058766,7.659788492234201,1435,1484,3.30379003351505,1.6600189296943346,0.4435888210763963,0.9669811320754716
Gas Engine Repair,Cooling System - Leak,39719,8807.28,26185.12,2752.86,4716.58,11.69768754880173,6.4591522326140085,2263,2513,2.9731230853991053,1.7133391687814938,0.5521734279247065,0.9005173099880621
Gas Engine Repair,Oil Leak,38063,4150.56,12426.7,2316.98,2536.94,11.794815533331104,7.354219307618878,3416,3689,2.9939851167499576,1.094934474950749,0.6235128719763786,0.9259962049335864
Climate Control,A/C Components,37869,4450.55,7271.73,1932.99,2884.57,7.040441824219015,5.715961860658136,3366,3780,1.633894611175157,1.4922858002157289,0.8118754480713571,0.8904761904761904
Gas Engine Repair,Engine Noise - Upper End,31040,9235.42,46560.65,2883.52,5002.87,13.259161358811042,8.546892855129204,973,998,5.041529760190511,1.7349880715086017,0.6446028239523295,0.9749498997995992
Automatic Transmission,Shudder,23212,12634.63,28903.38,3419.11,4193.02,13.98537161995764,6.388095994503221,850,877,2.287631363979933,1.2263466557558798,0.4567698426681185,0.9692132269099202
Steering / Suspension,Noise Over Bumps,21489,4458.8,11832.83,2979.69,6370.59,6.554417381503976,6.118251618823973,3414,3971,2.6538154832927145,2.138006594573728,0.9334546860090378,0.8597330647192143
Electrical / Body,Exterior Lighting,19679,1933.5,3790.1,1459.38,1945.29,3.8739823782130633,5.0959529837017135,634,787,1.9602289334948704,1.3329509539112403,1.3154300887791606,0.8055908513341804
Gas Engine Repair,MIL (Check Engine Light),19630,15228.3,56259.99,3219.84,5598.09,10.891348943923342,8.45478135569543,2135,2399,3.6944357774284144,1.7386202823714965,0.7762841314906765,0.8899541475614839
Loaner Expense Approval,Bumper to Bumper >= 5 days loaner,18707,3146.36,4581.36,2098.6,2593.86,7.175869330146264,7.387698279033644,454,481,1.4560837781855198,1.235994004153421,1.0295196218244211,0.943866943866944
Gas Engine Performance,MIL (Check Engine Light),17765,9488.0,43224.14,2414.64,5620.49,7.9888589467200495,7.548745306410482,2093,2424,4.555662031818871,2.327674582972876,0.9449090735930114,0.8634488448844885
Steering / Suspension,Noise During Turns,17040,5124.09,13683.35,2828.62,6240.21,6.30799147575919,5.903165930960449,2080,2397,2.670393306526357,2.206099306480768,0.9358233842968188,0.8677513558614935
Electrical / Body,Audio / Entertainment System,16506,1708.49,4268.54,1242.98,2158.65,4.465141437615194,5.303690771626752,1301,1775,2.4984237476828515,1.7366722265341583,1.187799053115644,0.7329577464788732
Electrical / Body,Anti-Theft / Keyless Entry System / Keys & Fobs,16117,642.79,1730.7,732.05,1989.62,2.275866306217744,4.379497222418446,821,1022,2.692502633023774,2.717886663811825,1.9243209543783444,0.8033268101761253
Electrical / Body,Roof Opening Panel,15889,7713.89,13098.67,2765.9,4435.86,8.422765080554514,6.372865490969272,292,485,1.6980622905423262,1.603771646470387,0.7566239150706211,0.6020618556701031
Electrical / Body,"Driver Aid System (BLIS, Lane Keep, Adaptive Cruise, Active Park Assist)",15657,2669.77,4828.86,1670.29,3224.07,5.17947433264887,5.828035243125681,1019,1324,1.8087138601146573,1.930244476705744,1.12521751606888,0.7696374622356495
Gas Engine Repair,Timing Components,13454,6793.19,16123.06,2507.08,2197.98,13.028889816360602,6.383932158293938,211,213,2.3734160751063564,0.8767104426348276,0.4899828188183404,0.9906103286384976
Manual Transmission / Driveline,Rear Differential,12567,6879.07,10663.97,2559.95,2140.81,9.368494945713216,7.082139039999843,424,449,1.5502052436547935,0.8362692256884529,0.7559526990234914,0.9443207126948776
Automatic Transmission,Slips,11606,17486.25,29981.03,4298.57,3666.22,16.99208851463821,7.028216873982354,423,428,1.7145491383929123,0.8528942849746715,0.4136170117009302,0.9883177570093458
Steering / Suspension,Ride Quality,11308,3353.13,13287.15,2207.02,4280.62,6.430950901180858,6.580949228121563,1306,1480,3.962606976247822,1.9395494187531728,1.0233244397672454,0.8824324324324324
Automatic Transmission,No Engagement,11266,22891.21,53689.31,4834.81,7593.4,14.814575741801145,6.70288421105331,605,624,2.345411431560443,1.5705699999506944,0.4524519856576317,0.969551282051282
Electrical / Body,Power Running Boards,10717,3764.18,4717.12,2091.28,3351.91,4.701251840942563,6.050202522493535,152,212,1.2531594276295364,1.6028020941230725,1.286934358590013,0.7169811320754716
Maintenance / Wear Item,Regular Scheduled Maintenance Interval,10111,294.56,678.01,300.27,618.25,1.1466257668711657,2.3714024559993425,3024,4831,2.3017984680498147,2.0589878948910227,2.0681573051251623,0.6259573587249017
Gas Engine Performance,Other,8756,11451.74,63951.43,3340.01,8765.56,9.801307091346152,7.533531540042103,1122,1210,5.584429750566622,2.6244135466909406,0.7686251915005977,0.9272727272727272
Electrical / Body,Exterior Mirrors,8526,3257.9,4471.2,1792.4,3303.16,3.5378556412053257,4.7001882644462105,239,280,1.3724175570099375,1.8428652081760848,1.328541563342275,0.8535714285714285
Loaner Expense Approval,Powertrain Warranty,8445,4790.5,5907.42,2985.35,2663.06,10.926723382960091,8.650547002885077,55,57,1.233152801737148,0.8920438387637944,0.791687196582221,0.9649122807017544
Diesel Engine Repair,External Oil Leak,8422,6211.2,12038.64,2677.97,2309.61,14.129139344262295,7.014155407930881,154,155,1.938215216018204,0.8624466280183761,0.4964318941888884,0.9935483870967742
Gas Engine Repair,Catastrophic Engine Failure,8300,55702.29,81206.15,6776.0,7877.72,18.444405910735828,6.828407362329076,585,591,1.4578600929630052,1.1625924583117844,0.3702156304397153,0.9898477157360406
Gas Engine Repair,Cooling System - Overheat,7881,11938.9,42971.58,2978.76,6444.82,10.591270611057226,7.894284831528013,829,946,3.599290206682798,2.1635895859776886,0.7453576743933278,0.8763213530655392
Electrical / Body,Power Liftgate / Trunk / Door,7338,2593.48,5279.03,1448.75,2488.65,4.270091164095372,10.664243742926928,527,641,2.035502008771823,1.7177853478726612,2.4974276503968205,0.8221528861154446
Manual Transmission / Driveline,4x4 Hub,7268,2428.08,4275.8,1743.24,1868.09,6.346899535330876,6.550590383771744,225,264,1.7609767060497032,1.0716178386520352,1.0320929687490712,0.8522727272727273
QFC,Scheduled Maintenance,6913,190.72,403.52,230.64,414.63,0.5827497176052929,1.7644179625074634,323,376,2.115815119215549,1.7976858898289263,3.0277457186217567,0.8590425531914894
Automatic Transmission,External Fluid Leak,6872,6211.73,23510.06,2541.52,5105.36,10.931863468634686,7.084105066869331,590,617,3.784782567215153,2.008781044580781,0.6480235585812787,0.9562398703403564
Manual Transmission / Driveline,CV Axle / Drive Axle,6865,2555.32,4592.9,1757.03,1757.6,7.221162201303403,6.621680685737486,567,607,1.7973898543861164,1.0003210126990318,0.916982682447195,0.9341021416803954
Electrical / Body,Charging System,6846,3215.78,6750.05,1814.65,4188.37,4.555271687321259,5.423814741462286,708,956,2.099037032644296,2.308093122433317,1.1906676733592978,0.7405857740585774
Climate Control,Air Distribution,6133,3251.25,5393.46,1649.75,1919.73,7.215647255969837,6.01075335613012,438,530,1.65888933066559,1.163646350056798,0.8330165185329905,0.8264150943396227
Gas Engine Repair,Engine Noise - Lower End,6120,36041.68,98323.71,5244.7,9008.6,15.701032735775524,8.518959383520663,456,462,2.728055281323319,1.71765792112746,0.5425731878203032,0.987012987012987
Manual Transmission / Driveline,Front Differential,6097,5423.34,6183.18,2673.69,1986.06,13.14808980626471,8.29293070200741,145,146,1.1401049111924986,0.7428151534651883,0.6307327394475244,0.9931506849315068
Automatic Transmission,Diagnostic Trouble Code,6078,12570.28,37480.76,3372.42,6276.36,11.940090460526315,8.322853320011582,514,546,2.9816973429079843,1.8610882752880664,0.6970511109213752,0.9413919413919414
