paws_causal_part,n,cost_mean,cost_std,gcost_mean,gcost_std,ghrs_mean,ghrs_std,soln_nunique,soln_count,cost_cv,gcost_cv,ghrs_cv,soln_divergence
6256,44716,6818.62,32810.94,2695.11,4358.82,13.096742454776074,7.438838885885184,630,655,4.811962674930676,1.61731012884357,0.567991537710388,0.9618320610687024
7902,38498,17541.02,35362.58,3937.9,3954.37,15.204806326662364,5.857698434918922,3427,4534,2.0159927888733007,1.004182352251466,0.3852530778144253,0.7558447287163652
8501,33663,4630.47,13037.58,1982.42,3311.91,9.803089523809524,5.418621722140846,2945,3555,2.815607007377035,1.6706440159215454,0.5527463264494544,0.8284106891701828
7H351,23510,15886.08,35679.58,4772.71,6492.7,20.143279380717804,6.38806195350789,200,224,2.245964365610548,1.360379058792174,0.3171311797235397,0.8928571428571429
6009,22184,25653.91,61646.51,5383.83,7326.6,17.621882376081825,5.071221019934828,361,400,2.403006630455488,1.3608513133327511,0.2877797565382683,0.9025
19703,16250,5264.42,9034.04,1863.88,2223.0,6.11453774385072,5.220125453375443,2369,2565,1.716057986313552,1.1926707624850714,0.8537236455241819,0.9235867446393762
7A100,15865,17513.21,75834.14,4556.17,10588.37,13.920779497373278,8.66405821252687,928,1017,4.3301099792129465,2.323964453927706,0.6223831225946577,0.912487708947886
MAINT,15255,299.75,543.39,233.27,483.13,0.8315511911256592,1.9863153079987212,4970,7395,1.812834195298283,2.071109349408247,2.3886867449613947,0.6720757268424611
misc,13562,11.19,263.86,1210.11,1758.66,4.599744572158365,6.71093126176586,43,43,23.58809029604096,1.4533116897921343,1.4589791142721755,1.0
6K682,12684,13653.41,32274.36,3353.12,4564.17,10.320766342543564,7.410783246628591,346,367,2.36383078150049,1.3611715892497265,0.7180458311589094,0.9427792915531336
1104,12411,2374.63,4358.55,1711.52,3211.89,5.54604031280978,6.334260044698389,1076,1544,1.835465177783819,1.8766315464553025,1.1421229719639876,0.6968911917098446
6675,12321,3466.95,6726.28,2231.35,2888.93,11.196148932286912,6.959617920506059,517,545,1.94011670049444,1.2946996180019166,0.6216081942636765,0.9486238532110092
maint,12189,309.58,784.02,226.0,456.77,0.7072513089005236,2.155625530876041,3541,4979,2.5325808805243537,2.0210896864460155,3.0478918932325865,0.7111869853384214
3504,11923,9191.03,19958.14,3389.08,6201.62,6.00421001693685,4.990709741661859,1241,1512,2.1714815188166114,1.8298811753758544,0.8312017280514705,0.8207671957671958
6020,10256,5151.15,8779.86,2496.28,1762.05,13.878131033595055,7.078879125130182,1366,1380,1.7044486988970189,0.7058728365123532,0.5100743830703287,0.989855072463768
18124,7867,3583.39,8025.83,2944.43,7077.44,5.893089030988686,5.787667165460352,2156,2502,2.239732355840632,2.4036747552002984,0.9821109328275924,0.8617106314948042
19860,7630,4800.42,5851.0,1980.52,2678.46,8.805937399161019,6.172373884597556,874,964,1.2188512013246948,1.3524037606609631,0.700933200500111,0.9066390041493776
13008,7134,3527.1,4733.3,1860.03,1387.32,3.8450487329434697,4.798084430392305,307,349,1.3419779487418702,0.7458594101895781,1.2478604989537456,0.8796561604584527
16502C22,6939,11753.06,14259.16,3420.9,4509.92,9.781136153133684,6.046679553035138,79,144,1.2132298106457098,1.3183427696325327,0.6181980762120258,0.5486111111111112
11002,6931,3465.11,11905.65,2011.58,5954.56,4.642607049917199,5.659227572140682,1105,2260,3.4358627617219293,2.96014119431365,1.2189762155816342,0.4889380530973451
KEYSVC,6880,569.57,1406.75,608.41,1978.27,1.708162875167272,3.798334178630002,546,670,2.469844642889921,3.2515634530263773,2.223637004321412,0.8149253731343283
10346,6807,3189.62,5854.92,1659.94,3146.7,4.141958372753075,5.203320003114169,1174,1807,1.835613967866058,1.895664779607738,1.2562463295968926,0.6496956281128943
14G371,6717,1246.84,1933.82,1113.85,2163.92,4.141022280471821,4.97091273903632,88,112,1.550979926428976,1.942730791161401,1.200407146437749,0.7857142857142857
MISC,5949,12.9,321.99,1193.88,2038.71,4.441379310344828,6.486366710896093,24,24,24.96743341832952,1.7076358045535045,1.4604397097514497,1.0
19G490,5592,2176.41,4242.96,1473.17,2833.64,4.305509868421052,5.333983409291433,518,778,1.949521338108776,1.9234942222869245,1.2388738087476616,0.6658097686375322
7A103,5124,22486.64,53746.16,4723.16,5877.09,15.88911309244486,5.980059857512649,365,466,2.3901375348764478,1.244314440244477,0.3763620928820827,0.7832618025751072
19850,5062,5671.89,7177.36,2109.64,2092.4,8.834878874706954,5.3756645727207175,267,275,1.26542594227599,0.9918292021815668,0.6084593404116165,0.9709090909090908
7251,5046,7388.93,10335.1,2716.49,1757.1,8.766714163579367,5.844528676846167,353,454,1.3987261200836625,0.6468291663191744,0.6666726629604062,0.7775330396475771
16A507,4996,3754.4,4268.63,2112.99,4109.79,4.685803571428572,6.083651025731975,70,92,1.1369674254210835,1.9450130090204536,1.298315418688632,0.7608695652173914
17683,4962,3460.53,3563.85,1876.02,3543.14,3.4163583953879413,4.63155184182849,124,141,1.0298551223028158,1.888647003108778,1.3556984677254735,0.8794326241134752
4000,4860,8489.18,12384.81,3070.62,3549.38,9.184070576540757,6.980579731940158,177,189,1.4588934505343556,1.155917218423814,0.7600747047579247,0.9365079365079364
17682,4779,3634.48,5627.06,1871.95,3475.06,3.5779875840662183,4.818931423352748,289,352,1.548243076604555,1.856388372177517,1.3468273184660562,0.8210227272727273
16A506,4746,4208.63,6074.0,2136.35,2652.96,4.718290069064063,5.935869262986206,100,143,1.443222863360692,1.2418189467918497,1.258055180181762,0.6993006993006993
6584,4725,4354.24,11287.28,2113.58,1933.45,10.114613778705635,7.242143454825925,949,1042,2.592249982320068,0.9147748504290752,0.7160079082873987,0.9107485604606526
3078,4675,5902.44,12141.12,4076.69,7790.37,5.983572404371585,5.836377322475616,1233,1528,2.0569651921439887,1.910953959753448,0.9754001335743128,0.8069371727748691
7B546,4649,5076.6,9333.02,2117.24,3274.91,7.50466741196199,2.5970646455826336,135,142,1.838439311361617,1.546782720976669,0.3460599255128972,0.9507042253521126
3C247,4448,3558.72,7664.0,2115.91,4029.12,6.468746841839312,6.57023722408691,94,136,2.153585356788152,1.904202692447922,1.015689342113555,0.6911764705882353
7000,4442,20304.63,45583.69,7965.65,18229.04,12.598294762484777,8.004425423283768,1810,2392,2.244989731488818,2.288455620835649,0.6353578459776446,0.7566889632107023
9430,4254,7248.57,10386.93,2639.57,2095.45,12.398714515265132,8.322970091504054,1477,1729,1.43296307325742,0.7938602839539524,0.6712768554560171,0.854251012145749
8575,4204,5826.09,54402.18,3070.09,14592.91,6.254,6.625973970830576,2185,3115,9.337678811725809,4.75324912161045,1.0594777695603737,0.7014446227929374
