rep_sub_cat_label,gsar_veh_line_desc,n,cost_mean,cost_std,gcost_mean,gcost_std,ghrs_mean,ghrs_std,soln_nunique,soln_count,cost_cv,gcost_cv,ghrs_cv,soln_divergence
Harsh Shift,P552N F-150 [15-20],18987,16928.1,53201.51,4591.76,6535.01,18.539300574077,7.926894437650973,158,161,3.1427918376926685,1.4232022489072775,0.4275724645586109,0.9813664596273292
Engine Noise - Upper End,P552N F-150 [15-20],18514,8664.19,50484.15,2789.59,5311.68,13.090715134492816,9.127206959007534,233,236,5.82676254646869,1.904109607473176,0.6972275284608549,0.9872881355932204
Oil Leak,P552N F-150 [15-20],12988,3914.91,10126.75,2258.73,2169.43,11.68810440406529,7.356194819853892,94,107,2.586710591775847,0.9604662087887572,0.6293744961154951,0.8785046728971962
Cooling System - Leak,U502N EXPLORER [11-19],11771,5141.44,10110.37,1970.47,1631.49,10.94291054285957,4.1295552421881805,64,66,1.966448500214207,0.8279668651140275,0.3773726583996232,0.9696969696969696
Timing Components,P552N F-150 [15-20],7826,6058.77,11768.42,2373.12,1649.6,12.74200102223358,6.087607946720143,21,21,1.9423773972142595,0.6951181208259789,0.4777591789623816,1.0
Harsh Shift,U553N EXPEDITION [18-24],6979,16055.64,56114.91,4748.54,8052.07,18.096131250895542,7.795540717574367,66,66,3.4950270055190384,1.6956919101995696,0.4307849346079749,1.0
Engine Noise - Upper End,U553N EXPEDITION [18-24],6391,6934.84,43548.26,2694.97,3876.48,13.234298231888594,6.123123797820703,61,61,6.279634437058411,1.4384123516821616,0.462670833808685,1.0
Roof Opening Panel,P552N F-150 [15-20],6348,9068.2,10183.56,2993.32,5187.01,8.87692186515438,6.474789362032695,58,168,1.1229967369395553,1.7328616591275097,0.7293957815995816,0.3452380952380952
MIL (Check Engine Light),P552N F-150 [15-20],6262,12531.32,59472.7,2320.28,3562.17,8.734366017246886,7.991860821608707,61,65,4.745922891515781,1.5352282161096094,0.9149903731796872,0.9384615384615383
External Oil Leak,P558N SUPER DUTY [17-22],5224,6235.17,11498.25,2724.32,2422.26,14.3416539050536,6.822957609983234,33,33,1.844096331653921,0.8891252424125161,0.4757441265249759,1.0
A/C Components,U553N EXPEDITION [18-24],4263,4456.27,5573.31,1958.31,3238.4,7.981398076471967,6.165938111039958,53,57,1.2506671396828737,1.6536735468324657,0.7725386018793213,0.9298245614035088
Cooling System - Leak,C520N ESCAPE [13-19],4219,15440.31,17765.56,3642.12,1941.03,16.14968001896184,7.079776510297325,11,12,1.1505959948904834,0.5329394721738676,0.4383849402579333,0.9166666666666666
A/C Components,P552N F-150 [15-20],4181,4602.1,5721.21,1813.67,2183.76,7.181439846926573,6.005841250192784,59,69,1.2431739488573783,1.2040601940567297,0.8363004325327731,0.855072463768116
Shudder,CD539N EDGE [15-24],3980,14867.93,16773.3,3380.91,1810.3,16.290552763819097,5.613417057734654,22,22,1.1281524852622866,0.5354476698120009,0.3445811286527925,1.0
Cooling System - Leak,P552N F-150 [15-20],3846,5036.36,17101.68,2269.11,6163.99,8.649947997919917,7.802138598314442,104,123,3.395641072014455,2.7164752437049504,0.901986763410676,0.8455284552845529
MIL (Check Engine Light),C520N ESCAPE [13-19],3842,14661.69,20060.36,3129.64,2290.8,12.82626236335242,9.079696317573273,19,19,1.3682162479553488,0.7319685259331996,0.7078988453811808,1.0
Shudder,P552N F-150 [15-20],3695,12820.42,28877.15,3562.74,4548.47,13.815372124492558,7.104358737094426,41,41,2.2524347192819327,1.276678967762902,0.5142357855493067,1.0
MIL (Check Engine Light),P558N SUPER DUTY [17-22],3670,6632.93,17821.54,1950.82,2143.04,6.167302452316076,6.834254628696958,20,20,2.686828422643607,1.0985319090404972,1.108143257370232,1.0
A/C Components,V363N TRANSIT [14-27],3634,4697.85,5338.85,1832.57,1265.05,7.752036323610347,6.042860720249927,21,22,1.1364453634041318,0.6903157655600285,0.7795191441305827,0.9545454545454546
4x4 Hub,P552N F-150 [15-20],3630,2617.45,2542.08,1732.33,1781.36,6.294462809917356,6.67523108446401,17,20,0.9712032202132556,1.0282998708154272,1.0604925767369264,0.85
Cooling System - Leak,CD539N EDGE [15-24],3554,18593.91,23006.22,4055.56,3219.71,14.48055711873945,4.626017859011128,29,29,1.2372985091310529,0.7938991984695344,0.3194640800818739,1.0
Rear Differential,P552N F-150 [15-20],3492,5528.28,6405.06,2357.13,2017.55,9.566523482245133,7.481889077204012,20,21,1.1585993847126268,0.8559342118946504,0.7820907031786342,0.9523809523809524
Exterior Mirrors,P558N SUPER DUTY [17-22],3329,3776.39,3124.84,1738.19,1342.85,3.112316010814058,4.141985536401717,25,29,0.827469525889954,0.7725550722187486,1.3308370750302885,0.8620689655172413
MIL (Check Engine Light),CD539N EDGE [15-24],3295,18934.47,41140.58,3824.22,6137.02,11.925614567526557,6.941244832235683,36,40,2.172786795709894,1.6047789998192037,0.5820450420338664,0.9
A/C Components,U502N EXPLORER [11-19],3271,4352.01,5484.82,1703.93,2553.2,7.342372363191685,5.830565018713881,40,43,1.2602957569582705,1.4984166376199597,0.79409824649364,0.9302325581395348
Oil Leak,U502N EXPLORER [11-19],3065,4457.22,10518.72,2286.57,1983.66,11.970701468189231,6.435668520474928,24,25,2.35993093977233,0.867526769201278,0.5376183290158041,0.96
Power Running Boards,P552N F-150 [15-20],3020,3692.52,4172.85,1890.87,1606.03,4.586688741721854,6.145194868296145,16,24,1.1300817355189654,0.8493608515112333,1.3397889445598663,0.6666666666666666
Noise During Turns,P552N F-150 [15-20],2899,4128.71,10288.89,2232.61,4646.29,6.35777854432563,6.637022915907035,82,103,2.492038033618938,2.0810986639857187,1.0439216889412786,0.7961165048543689
Power Running Boards,U553N EXPEDITION [18-24],2835,3854.65,5021.29,2294.2,5596.68,4.734708994708995,6.331842120727663,16,26,1.3026587248987411,2.4394925361770783,1.337324453900642,0.6153846153846154
Slips,P552N F-150 [15-20],2724,17822.24,37120.3,4479.96,4046.13,18.412041116005877,7.1117016286960935,14,14,2.082807850012264,0.9031613166413456,0.3862527562201553,1.0
Front Differential,P552N F-150 [15-20],2677,5540.19,5806.85,2665.07,2000.18,13.314680612626075,8.267710370638712,10,10,1.0481331197344743,0.7505160733242652,0.6209469540560055,1.0
Harsh Shift,U502N EXPLORER [11-19],2608,16344.73,24375.49,3983.41,3434.26,15.597277607361962,6.225148849737302,15,17,1.4913362596095645,0.8621395440334512,0.3991176541474784,0.8823529411764706
Harsh Shift,P558N SUPER DUTY [17-22],2608,22495.21,69864.32,4889.0,5217.51,16.423351226993866,7.822027553031377,26,26,3.105741583937,1.0671953857239262,0.47627475324128,1.0
Other,P552N F-150 [15-20],2594,12354.47,50374.24,3144.22,7885.7,11.040400925212028,7.27903248485376,86,90,4.077410164112178,2.507998475446808,0.6593087093631944,0.9555555555555556
Shudder,C346N FOCUS [12-18],2592,4638.7,7333.56,1846.72,2874.56,7.577700617283951,2.60757965736461,33,33,1.580950053020465,1.5565762952014597,0.3441122563508237,1.0
Timing Components,U553N EXPEDITION [18-24],2585,4925.59,6128.57,2423.27,1568.22,13.120580270793036,6.182578299622042,6,6,1.2442291386731446,0.6471476597012681,0.4712122613498064,1.0
Harsh Shift,CD539N EDGE [15-24],2565,25549.05,78834.03,4835.83,8279.37,17.611384015594542,6.771776209898841,45,46,3.0855955210223285,1.712087898054652,0.3845113026836825,0.9782608695652174
Audio / Entertainment System,P552N F-150 [15-20],2544,1259.37,4759.36,1100.25,1587.32,4.356761006289308,5.871293015971107,33,40,3.7791531553280144,1.4426943299526525,1.3476279758048373,0.825
Harsh Shift,U625N EXPLORER [20-27],2519,15552.12,86998.98,4980.92,13284.03,14.376935291782454,7.618678448055016,38,38,5.594026709872336,2.666982578427424,0.5299236793817726,1.0
A/C Components,P558N SUPER DUTY [17-22],2492,4265.88,4401.69,1702.25,1445.45,6.781260032102729,5.597831591258032,15,15,1.0318358018032523,0.8491420139766894,0.825485465054827,1.0
