paws_causal_part,gsar_veh_line_desc,n,cost_mean,cost_std,gcost_mean,gcost_std,ghrs_mean,ghrs_std,soln_nunique,soln_count,cost_cv,gcost_cv,ghrs_cv,soln_divergence
6256,P552N F-150 [15-20],28362,6785.72,29708.21,2621.61,4286.35,12.903458853395389,7.912187239343003,324,331,4.37804854927713,1.635005154814143,0.6131834362583337,0.9788519637462236
8501,U502N EXPLORER [11-19],13106,5109.6,10706.03,1963.23,1630.99,10.872943689913017,4.037511310640692,78,83,2.095280171135668,0.8307701666937144,0.3713356222369061,0.9397590361445785
7H351,P552N F-150 [15-20],12255,15899.92,30060.25,4599.6,4666.17,20.665540595675235,6.296353603111101,63,66,1.8905917096596383,1.0144741790188547,0.3046788722492343,0.9545454545454546
6256,U553N EXPEDITION [18-24],10128,6608.22,45446.99,2709.9,4910.53,13.10086887835703,5.911692336849112,94,94,6.877339942683285,1.8120708647085344,0.4512442946906658,1.0
6009,C520N ESCAPE [13-19],7372,21166.59,18352.52,4631.67,1307.74,19.37364351600651,5.295425272855703,25,30,0.8670517272748073,0.2823476611205359,0.2733314086470426,0.8333333333333334
6009,CD539N EDGE [15-24],6978,24435.51,35014.76,4886.98,4827.02,15.673574089997134,3.037250154279308,56,60,1.4329459019021225,0.9877305856541494,0.1937815929436081,0.9333333333333332
7902,CD539N EDGE [15-24],6114,16157.99,17784.07,3608.7,1920.79,16.57813215570821,5.493285854240384,44,46,1.1006361705905248,0.5322652963739278,0.3313573448833273,0.9565217391304348
7A100,P552N F-150 [15-20],5831,13330.16,56929.19,3860.59,7665.32,14.454244554964845,8.980180124481995,73,75,4.270706910897886,1.9855285876818076,0.6212832563011688,0.9733333333333334
6675,P552N F-150 [15-20],5263,2270.69,6074.69,2014.01,2511.43,9.89587687630629,7.087263008079281,35,43,2.6752665816406584,1.24697720438048,0.7161834263569229,0.813953488372093
7902,C520N ESCAPE [13-19],5225,15715.27,14581.46,3509.8,1571.57,14.783617224880382,4.996455819576243,26,36,0.9278529315478452,0.4477676953396588,0.3379724828891916,0.7222222222222222
7H351,U553N EXPEDITION [18-24],4920,14760.76,30851.48,4702.52,6308.84,20.13447154471545,6.10487681815395,32,33,2.090101403526051,1.3415866795725069,0.3032052172114869,0.9696969696969696
7902,P552N F-150 [15-20],4786,19184.06,59766.9,4144.12,5023.05,13.853949017969075,6.411638620029006,53,55,3.1154463411947937,1.2120919862609558,0.4628022386767034,0.9636363636363636
1104,P552N F-150 [15-20],4297,2446.6,4454.41,1585.67,2361.8,5.1025831975797065,6.257234571286214,53,93,1.820656752719968,1.4894683848521677,1.2262876133512512,0.5698924731182796
7902,U502N EXPLORER [11-19],4231,13953.08,17268.22,3582.03,2023.89,15.317962656582369,4.925552010635956,21,21,1.2375923829900997,0.5650123253601144,0.3215539899830849,1.0
16502C22,P552N F-150 [15-20],4026,12030.77,10616.78,3401.32,4834.08,9.67103825136612,5.886600914406636,36,77,0.8824694280317033,1.421237253884602,0.6086834486023361,0.4675324675324675
7B546,C346N FOCUS [12-18],3390,4730.94,7195.0,1857.74,2203.06,7.519085545722714,2.485322815442357,53,53,1.5208417147930495,1.185884902490821,0.3305352493104898,1.0
3C247,P552N F-150 [15-20],3354,3337.46,5300.4,1995.71,4070.33,6.5963625521765055,6.634952852189041,40,50,1.5881536228300124,2.039539983372197,1.0058502393868274,0.8
6675,P558N SUPER DUTY [17-22],3077,5237.83,4335.93,2527.92,1804.56,13.715729606759831,5.65824653045672,13,13,0.8278093442503589,0.7138523410846257,0.4125370427008155,1.0
8501,P552N F-150 [15-20],3069,2535.53,12966.74,2018.05,6734.07,6.984718149234277,6.734739698081306,118,155,5.114019731072197,3.3369220602012555,0.9642106602139162,0.7612903225806451
19860,U553N EXPEDITION [18-24],2953,4024.98,3609.6,1914.11,3409.99,8.357365391127667,6.263361930870737,33,36,0.8967992318512783,1.7814980483822973,0.7494421552418944,0.9166666666666666
6009,CD391N FUSION [13-20],2857,25315.7,53071.33,5069.89,6446.0,18.311620581029054,4.634466018751242,30,31,2.0963800049227035,1.27142734904227,0.2530887967148345,0.967741935483871
6020,P552N F-150 [15-20],2816,4703.23,4620.92,2521.13,1683.45,14.301136363636363,6.391908638577412,18,19,0.9825010180542104,0.6677332072044999,0.4469511006712851,0.9473684210526316
6K682,P552N F-150 [15-20],2649,12551.27,25228.58,3203.65,3096.34,10.301547753869384,7.767309965427002,29,29,2.010042947484342,0.9665050194019922,0.7539944628718057,1.0
6256,U554N NAVIGATOR [18-24],2346,5992.3,12169.06,3118.8,3247.31,14.420417732310316,6.744415110092037,25,26,2.0307834487853773,1.0412025438986476,0.4676990108948463,0.9615384615384616
7902,CD391N FUSION [13-20],2174,13458.8,14269.95,3130.95,1737.37,13.839236430542778,6.286405728050723,12,12,1.060268791847109,0.5549016397088634,0.4542451283061264,1.0
17683,P558N SUPER DUTY [17-22],2124,3983.51,2735.58,1797.15,1403.97,3.021280602636535,4.21519457913536,15,18,0.6867264359246151,0.7812201777429444,1.3951681864494647,0.8333333333333334
19703,P552N F-150 [15-20],2062,5208.39,6303.58,1884.34,2196.15,6.4336081474296805,5.523245436609195,25,30,1.2102737868254816,1.165473707024085,0.8584988874113839,0.8333333333333334
7251,U502N EXPLORER [11-19],2057,7776.51,8808.28,2819.58,1379.97,9.148420029168692,5.734421349412225,11,11,1.1326780695977383,0.4894244929174547,0.6268209517193873,1.0
7A100,U553N EXPEDITION [18-24],1999,16097.8,78709.4,4466.27,11171.96,13.995947973986992,8.994094858940858,35,35,4.889450061177221,2.5014096983672123,0.6426213412380049,1.0
3504,U502N EXPLORER [11-19],1864,9226.55,22119.97,2887.75,5438.5,5.844313304721029,4.51707797243238,49,52,2.3974251974043104,1.883296867638612,0.7729014063608619,0.9423076923076924
6148,P552N F-150 [15-20],1833,87181.72,87335.12,9373.92,6298.17,19.258428805237315,7.650557685631716,5,16,1.00175953750173,0.6718819282900905,0.3972576248562475,0.3125
1651070,P552N F-150 [15-20],1831,2620.84,5913.07,2176.15,7659.39,6.906389950846532,7.264754921141438,17,93,2.2561724516538697,3.5196971354888875,1.051888898953784,0.1827956989247312
3304,P558N SUPER DUTY [17-22],1816,2654.51,3401.27,1707.91,1633.04,6.371090308370044,5.726520019858957,16,16,1.28131676334572,0.9561642539581724,0.8988288884142357,1.0
7h351,P552N F-150 [15-20],1738,14882.79,33621.57,4617.49,3680.75,20.50379746835443,6.687736778765644,13,13,2.259090142376776,0.7971320657674384,0.3261706417597764,1.0
8C607,V363N TRANSIT [14-27],1699,2274.82,4400.02,1290.68,1277.17,5.041494997057092,5.521038283114912,7,10,1.9342302209247275,0.9895318327041772,1.0951192625079955,0.7
6C525,P552N F-150 [15-20],1695,10598.6,52834.63,2943.92,6528.69,12.801769911504424,5.844549357832692,26,26,4.985057114090402,2.217684338453409,0.4565422904984752,1.0
11002,P552N F-150 [15-20],1673,1646.26,2305.68,1386.99,3938.49,3.940346682606097,5.535060424139743,40,63,1.4005526251733822,2.839606792919575,1.4047140695952476,0.6349206349206349
6M280,P552N F-150 [15-20],1645,3392.41,10970.85,1362.45,1640.67,6.683404255319149,5.699543080256914,24,33,3.233940368580373,1.204207958158199,0.8527904137656785,0.7272727272727273
6K682,C520N ESCAPE [13-19],1620,7662.93,10605.48,2547.87,1794.14,8.853950617283951,6.870205148824598,5,5,1.3839978897747898,0.7041741781027797,0.7759479859096065,1.0
3D102,U625N EXPLORER [20-27],1577,2905.23,2154.9,1734.56,1481.9,8.268928344958782,5.909895421147295,10,10,0.7417321453263329,0.8543384799816615,0.7147111662601732,1.0
