model_year,gsar_veh_line_desc,rep_sub_cat_label,n,cost_mean,cost_std,gcost_mean,gcost_std,ghrs_mean,ghrs_std,soln_nunique,soln_count,cost_cv,gcost_cv,ghrs_cv,soln_divergence
2018,P552N F-150 [15-20],Harsh Shift,5671,15527.03,37188.54,4640.34,4970.0,19.84290248633398,7.777744351686376,34,34,2.3950843341935726,1.0710421351488653,0.3919660622755664,1.0
2018,P552N F-150 [15-20],Engine Noise - Upper End,4833,7860.27,24741.74,2968.43,4473.2,13.602607076350091,6.982626369519979,42,42,3.147696982617664,1.5069240588712345,0.5133300058089737,1.0
2019,P552N F-150 [15-20],Harsh Shift,4507,15204.76,39684.4,4834.74,6489.06,19.683980474816952,7.457304771141197,29,29,2.6099977939892125,1.3421734804858088,0.3788514615060623,1.0
2019,P552N F-150 [15-20],Engine Noise - Upper End,3533,9568.28,55790.14,3287.06,7750.48,13.199179167846022,6.960542156877096,53,53,5.830736404831171,2.357873604398814,0.5273465924179124,1.0
2018,P552N F-150 [15-20],Oil Leak,2690,3852.37,10248.16,2486.33,2049.32,12.37717472118959,8.106626228994173,14,14,2.6602225477195427,0.8242323423525313,0.6549658069475028,1.0
2019,CD539N EDGE [15-24],Shudder,2288,14300.34,15685.58,3413.8,1798.14,16.613111888111888,5.731565062010524,10,10,1.0968678143184842,0.5267280013005473,0.3450024956559735,1.0
2019,U553N EXPEDITION [18-24],Engine Noise - Upper End,2119,7255.65,54674.48,2843.3,3003.22,13.500283152430391,6.418532827614392,16,16,7.535431470065052,1.056244274732948,0.4754369041851461,1.0
2020,P552N F-150 [15-20],Harsh Shift,2097,15656.32,55784.72,4830.79,7541.37,18.602384358607534,7.10497648673148,15,15,3.563080821321377,1.5611051405902971,0.3819390218890906,1.0
2017,P552N F-150 [15-20],Oil Leak,2073,3576.07,10830.95,2375.56,2014.17,11.820791123974915,7.814651677522314,11,11,3.0287259352423246,0.847869260955596,0.6610937961396379,1.0
2017,P552N F-150 [15-20],Engine Noise - Upper End,2046,6677.32,14828.51,2757.0,1870.01,13.957575757575755,6.861248597076476,7,7,2.220726868945305,0.6782761494992072,0.491578818288154,1.0
2018,P552N F-150 [15-20],Timing Components,1972,6033.83,9998.13,2604.37,1730.28,13.151572008113591,6.397357439237324,6,6,1.6570117766660637,0.6643743295868614,0.4864329097153257,1.0
2018,U502N EXPLORER [11-19],Cooling System - Leak,1961,5869.79,11502.91,2108.23,1448.97,10.858388577256502,4.002578538019245,4,4,1.959678382185156,0.6872944007227795,0.3686162554914334,1.0
2018,U553N EXPEDITION [18-24],Engine Noise - Upper End,1887,6662.17,19962.78,2909.8,3050.75,13.91245363010069,6.662149831022486,15,15,2.996438350498217,1.0484392914554648,0.4788623206339678,1.0
2020,U625N EXPLORER [20-27],Harsh Shift,1833,15694.07,93154.19,4843.5,11612.5,14.394380796508456,7.364109238068016,28,28,5.935628958409063,2.3975437536664583,0.5115961111612578,1.0
2019,U553N EXPEDITION [18-24],Harsh Shift,1819,14953.71,44561.7,4714.79,5695.56,19.19406267179769,7.637971693678232,11,11,2.979975315775309,1.208020842510529,0.3979340811938106,1.0
2020,U553N EXPEDITION [18-24],Harsh Shift,1630,13486.1,43910.3,4226.97,4957.47,17.236134969325153,7.346564392936486,9,9,3.255968299390432,1.17281778793337,0.4262303820439465,1.0
2019,P552N F-150 [15-20],Timing Components,1577,5961.12,10825.41,2528.61,1816.94,12.729169308814203,6.711301846096091,0,0,1.8160030483809328,0.7185505516805679,0.5272380061320189,
2018,U553N EXPEDITION [18-24],Harsh Shift,1529,18442.08,69119.62,5380.86,9410.4,19.92916939175932,8.056879724397534,14,14,3.747929362406512,1.7488658274135485,0.4042757410516587,1.0
2017,P552N F-150 [15-20],Harsh Shift,1513,16561.39,41260.62,4749.83,5883.64,19.239061467283545,9.261632235100688,12,12,2.491374681707305,1.2387043754824485,0.4813972994914695,1.0
2017,P558N SUPER DUTY [17-22],External Oil Leak,1375,6729.88,9068.08,2873.31,1789.75,14.74138181818182,7.099225790381179,8,8,1.3474353810137016,0.622889760656999,0.4815848254893642,1.0
2017,U502N EXPLORER [11-19],Cooling System - Leak,1339,7294.46,15262.17,2353.42,1764.9,11.548394324122478,4.472141306835972,9,9,2.092297098959597,0.7499319172647735,0.3872522171757236,1.0
2021,P702N F150 [21-27],Exterior Lighting,1275,5248.68,6911.07,1965.86,1647.46,3.306666666666666,3.905763295163192,5,6,1.316726751189134,0.8380349058215455,1.1811784158759655,0.8333333333333334
2020,U625N EXPLORER [20-27],CV Axle / Drive Axle,1229,2531.28,2561.66,1763.08,1625.82,8.20366151342555,6.502130290050048,7,7,1.0120028422503335,0.9221495652304562,0.7925888067674547,1.0
2018,P552N F-150 [15-20],MIL (Check Engine Light),1208,18233.27,114793.94,2860.21,4526.57,10.02682119205298,7.985186730416305,13,13,6.295849629045725,1.582603641495268,0.7963826797614756,1.0
2018,P552N F-150 [15-20],Roof Opening Panel,1185,9437.64,12546.61,3559.74,6345.38,10.065400843881855,7.757114293189226,13,27,1.3294232446659178,1.782539864485278,0.7706711748001872,0.4814814814814814
2019,CD539N EDGE [15-24],Harsh Shift,1174,27616.13,100844.58,5030.58,9305.85,18.126064735945487,6.519367331259822,23,23,3.651655658071388,1.849854881269988,0.3596681037076612,1.0
2019,P558N SUPER DUTY [17-22],External Oil Leak,1086,6634.89,11920.42,2916.47,2322.27,14.485819521178636,6.655614145242094,9,9,1.7966267523428765,0.7962599407327744,0.4594572047174422,1.0
2019,P552N F-150 [15-20],MIL (Check Engine Light),1073,15030.02,52135.36,2779.06,5147.3,9.923205964585277,8.490692455207617,12,12,3.468748253600841,1.8521752307070756,0.8556400507567689,1.0
2020,P558N SUPER DUTY [17-22],Harsh Shift,1061,15258.65,17024.05,4676.95,2534.02,17.714043355325163,7.874698002835052,3,3,1.1156982319539892,0.541810697680965,0.4445454854590143,1.0
2019,P552N F-150 [15-20],Oil Leak,1052,4432.53,8920.5,2476.1,2215.68,12.23954372623574,8.194737060513294,9,9,2.012507989120152,0.8948261655783463,0.6695296200419374,1.0
2016,P552N F-150 [15-20],Oil Leak,1038,5048.8,12046.38,2340.27,1723.72,11.915125240847784,6.457094692999878,4,4,2.3859864812751965,0.7365492929356069,0.541924198233643,1.0
2020,V363N TRANSIT [14-27],A/C Components,1033,5041.98,7176.55,1752.53,1385.53,7.005614714424008,6.544822161572079,7,8,1.4233584508381818,0.7905893410827276,0.9342252505118226,0.875
2018,C520N ESCAPE [13-19],Cooling System - Leak,996,14123.85,17409.58,3659.54,1946.99,16.726706827309236,7.5443579103720015,2,2,1.2326373087370002,0.5320302858261357,0.4510366558260311,1.0
2019,U553N EXPEDITION [18-24],A/C Components,985,4567.86,5429.81,2064.34,2824.65,8.505989847715735,6.492791082152743,7,7,1.188699626303154,1.368307185214196,0.7633198720424487,1.0
2019,V363N TRANSIT [14-27],A/C Components,975,4745.83,4298.13,1974.73,1147.04,8.643179487179488,5.81316675702312,7,7,0.9056650094256248,0.5808614483255995,0.672572722300381,1.0
2018,P552N F-150 [15-20],4x4 Hub,927,2736.61,2422.5,1878.11,1756.9,6.890399137001078,7.157519913294003,3,3,0.8852174355455908,0.9354619467196248,1.0387670976647057,1.0
2019,U502N EXPLORER [11-19],Cooling System - Leak,910,5672.67,10942.62,2302.89,3812.0,10.857912087912087,4.432244839321866,5,5,1.9290056761654133,1.6553086290399042,0.4082041559588792,1.0
2019,U553N EXPEDITION [18-24],Timing Components,870,5410.28,7305.66,2670.38,1630.77,13.44977011494253,6.259550581302812,2,2,1.3503278061515622,0.6106883435658603,0.4654020498349283,1.0
2020,U553N EXPEDITION [18-24],A/C Components,846,4400.1,4263.51,2067.03,4539.96,8.286997635933806,7.225329948772821,8,8,0.9689584288275322,2.196366032791426,0.8718875358963037,1.0
2017,C520N ESCAPE [13-19],Cooling System - Leak,822,17098.01,15989.25,3924.23,1717.08,16.41520681265207,6.3679943393520135,1,1,0.9351532074506416,0.4375576638803621,0.3879326293010127,
