gsar_cust_concern_label,gsar_condition_label,n,cost_mean,cost_std,gcost_mean,gcost_std,ghrs_mean,ghrs_std,soln_nunique,soln_count,cost_cv,gcost_cv,ghrs_cv,soln_divergence
ADMINISTRATIVE (PARTS RETURN/ETC.),FREIGHT/POSTAGE/MAINTENANCE,47375,5006.54,15923.08,1748.68,2543.5,5.883786807387863,7.572904435833456,1923,2463,3.18045794269654,1.4545230193448209,1.2870800189980856,0.7807551766138855
CHECK ENGINE LIGHT TROUBLE,DOES NOT OPERATE PROPERLY,40673,13160.64,44189.13,2554.18,4284.57,8.892392987977281,7.984286431410528,490,596,3.357672879497498,1.6774755408940285,0.8978782699106377,0.8221476510067114
,[N/A],31510,8587.97,30221.48,2497.96,3571.6,9.490136464614409,7.829437843025638,332,345,3.5190502223500686,1.4298075625967308,0.8250079303094356,0.9623188405797102
ENGINE LEAKS OIL,FAILED GASKET/SEAL,24979,5185.01,11353.17,2386.55,2038.24,12.337879819048002,7.487554886971576,190,193,2.189612035436535,0.8540539359680978,0.6068753300232196,0.9844559585492229
OTHER AUTOMATIC TRANSMISSION TROUBLES,DOES NOT OPERATE PROPERLY,17177,16470.22,48264.71,4108.65,5197.6,14.794370378995168,7.582199009965025,200,207,2.930422190299263,1.265038197199288,0.5125056907274758,0.966183574879227
A/C DOES NOT WORK,DOES NOT OPERATE PROPERLY,16630,4775.58,8760.89,1731.46,1954.36,6.671803968731209,5.544436842044453,311,387,1.8345181609752053,1.1287383970338836,0.8310251422298384,0.8036175710594315
OTHER ENGINE TROUBLES-SPECIFIC TO ENGINE FUNCTION,DOES NOT OPERATE PROPERLY,13920,17125.51,49547.05,3734.01,5180.65,12.851364942528736,8.510671063621517,199,209,2.8931713894273945,1.3874218158049854,0.6622386883946734,0.9521531100478468
COOLANT LEAK,FAILED GASKET/SEAL,12198,8598.71,33688.78,2959.95,6116.25,12.299171995409084,7.320587938072417,202,208,3.917886094771765,2.066338871519339,0.5952098190678995,0.971153846153846
CHECK ENGINE LIGHT TROUBLE,FAILED GASKET/SEAL,8420,24522.16,42700.91,4739.07,6524.12,15.792125890736344,4.551866932366039,84,89,1.7413191395362482,1.3766651150619589,0.288236489745574,0.9438202247191012
COOLANT LEAK,DOES NOT OPERATE PROPERLY,8222,6353.78,25166.9,2280.45,4997.91,10.388895645828264,6.759770811191378,141,149,3.960934448244101,2.1916302018875693,0.6506727030130303,0.9463087248322148
AT CLUTCH CHATTERS/GRABS/SLIP/JERKS,DOES NOT OPERATE PROPERLY,7637,16638.84,56288.76,4078.74,8264.52,14.49989524682467,7.04701992151669,126,127,3.382974205555114,2.0262429369362565,0.4860048849704563,0.9921259842519684
ENGINE TURNS BUT DOES NOT START,DOES NOT OPERATE PROPERLY,6360,15996.03,60215.36,2957.13,7452.67,7.517389937106918,8.080027822381952,179,272,3.764394744291244,2.520235753207278,1.0748448450835006,0.6580882352941176
ENGINE LEAKS OIL,DOES NOT OPERATE PROPERLY,5594,9731.03,41863.16,2742.35,3857.41,12.198730782981766,7.824539293770822,78,79,4.302025609433192,1.4066071188704552,0.6414224096728733,0.9873417721518988
EXTERIOR MIRROR TROUBLES,DOES NOT OPERATE PROPERLY,4877,3743.81,5821.56,1691.71,1581.75,3.690321919212631,5.659349150977654,45,50,1.5549817118979814,0.9350013153999612,1.5335651671779182,0.9
"FRONT, REAR OR 360 CAMERA",DOES NOT OPERATE PROPERLY,4852,4881.32,20317.02,2041.25,3963.95,6.44171475680132,7.4769188843768,73,89,4.1621955814422265,1.941923597480852,1.160703192652622,0.8202247191011236
OTHER SQUEAK/RATTLE (EXCLUDING WIND NOISE),DOES NOT OPERATE PROPERLY,4282,8185.78,19140.45,3224.06,5361.65,8.60789350770668,7.582230871849614,262,279,2.3382550525775136,1.6630121145886705,0.8808462680284339,0.9390681003584228
RUNNING BOARD TROUBLES,DOES NOT OPERATE PROPERLY,4269,4675.34,22974.21,2304.11,6535.36,4.416865776528461,6.60752009848948,32,43,4.913908032808094,2.836385860064805,1.495974845693141,0.7441860465116279
LIGHTS NOT WORKING-EXTERIOR,DOES NOT OPERATE PROPERLY,4079,3671.0,6066.32,1534.33,1549.61,3.5488109830840893,5.207147720145682,33,35,1.6524962242767367,1.009958513887325,1.4672936217133823,0.9428571428571428
PERFORMANCE/ENGINE POWER & ACCELERATION TROUBLES,DOES NOT OPERATE PROPERLY,3888,20085.67,90165.84,3641.64,5041.75,12.008539094650205,9.062229143094402,79,82,4.489063964645587,1.3844747015574244,0.754648760491742,0.9634146341463414
OTHER TEMPERATURE CONTROL TROUBLES,DOES NOT OPERATE PROPERLY,3873,4514.57,9321.98,1791.63,2831.96,6.96578879421637,7.229162435469059,56,57,2.064866855749961,1.5806610813958062,1.0378095932899036,0.9824561403508772
SUN/MOON/T-TOP/CONVERTIBLE DIFFICULT TO OPN/CLS,DOES NOT OPERATE PROPERLY,3823,9212.6,11805.85,2753.66,2292.19,8.446664922835469,5.89295792960246,44,63,1.2814888617422604,0.8324167515259048,0.6976668286758849,0.6984126984126984
AXLE WHINE/HOWL/GROAN,DOES NOT OPERATE PROPERLY,3658,5555.06,10873.28,2291.75,2135.74,8.737014762165117,7.160545137939191,29,29,1.9573665183738267,0.9319275089775778,0.8195642714199487,1.0
HEATED/COOLED SEAT TROUBLES,DOES NOT OPERATE PROPERLY,3561,3986.85,11353.72,1686.76,1745.41,6.411401291771974,6.530804214022738,29,31,2.8477926510970595,1.0347722057235964,1.0186235296804769,0.935483870967742
BRAKE-ABS/TRACTION/ESC TROUBLES,DOES NOT OPERATE PROPERLY,3324,4448.76,9570.76,1667.46,1768.82,5.936793020457281,6.3334252278638274,34,37,2.151333529892705,1.060790406173964,1.066809168862686,0.918918918918919
OTHER STEERING/HANDLING AND RIDE TROUBLES,DOES NOT OPERATE PROPERLY,3281,6358.84,15122.81,2336.69,2886.33,6.448521792136543,6.495615672642147,65,65,2.3782353657941084,1.2352199981434735,1.007303050532144,1.0
SUN/MOON/T-TOP/CONVERTIBLE DIFFICULT TO OPN/CLS,BROKEN/CRACKED,3132,7462.54,26356.33,2718.29,7532.11,7.936717752234993,6.195844968731446,43,98,3.5318154044586927,2.770901286768205,0.7806558280325246,0.4387755102040816
FRONT AXLE-NOISE/VIBRATION,DOES NOT OPERATE PROPERLY,3022,4541.84,7901.3,2157.54,1889.53,9.095433487756454,7.816232970074497,16,16,1.739671468891247,0.8757787703298368,0.8593579383100416,1.0
STEERING NOISY,DOES NOT OPERATE PROPERLY,2891,6419.16,24597.08,2511.33,4467.24,6.687582151504669,6.277015914322989,100,107,3.831820736566677,1.7788308986515171,0.9386076719686643,0.9345794392523364
4-WHEEL/ALL -WHEEL DRIVE TROUBLES,DOES NOT OPERATE PROPERLY,2883,4383.74,9073.16,1878.15,1925.39,7.206174124176206,6.85723276958547,42,43,2.0697272867764065,1.0251529292829291,0.9515774461485657,0.9767441860465116
ENGINE OVERHEATS/RADIATOR TROUBLES,DOES NOT OPERATE PROPERLY,2871,9540.48,47506.59,2278.06,4559.01,8.18397770811564,6.922703721842278,56,78,4.979475797272734,2.0012647338809475,0.8458849680122393,0.717948717948718
KEY TROUBLES,DOES NOT OPERATE PROPERLY,2807,1175.66,5868.7,640.75,1540.54,1.6181688635553972,4.047979062842847,65,76,4.991835813642798,2.4042560042407297,2.5015801218352056,0.8552631578947368
AT TRANSMISSION FLUID LEAKS,FAILED GASKET/SEAL,2718,6135.52,12919.87,2348.03,1851.89,11.801140544518027,7.599778352934553,20,20,2.1057487540763544,0.7887010686061395,0.643986767572637,1.0
FRONT AXLE-LEAKS,FAILED GASKET/SEAL,2694,4647.69,11153.3,2201.32,1931.55,10.47672605790646,7.907267751812899,10,10,2.399748829379711,0.8774548390086206,0.7547460636183696,1.0
CELLULAR PHONE TROUBLES,DOES NOT OPERATE PROPERLY,2687,2935.59,7530.83,1449.15,1971.88,5.108559732043172,5.763919121218687,62,68,2.565352860030444,1.3607181330017109,1.1282865276224154,0.9117647058823528
ADMINISTRATIVE (PARTS RETURN/ETC.),[N/A],2634,7690.88,17479.17,2346.36,2179.54,9.408238420653,7.65977827852831,11,11,2.2727145305934706,0.928901953083944,0.8141564803155431,1.0
OTHER ELECTRICAL ACCESSORY TROUBLES,DOES NOT OPERATE PROPERLY,2590,3097.93,8195.8,1505.42,1643.53,5.008146718146718,6.23286676273289,34,39,2.645570279850099,1.0917476425151282,1.2445455601666924,0.8717948717948718
AT NO FORWARD/REVERSE MOVEMENT IN GEAR,DOES NOT OPERATE PROPERLY,2557,22313.4,53396.03,4549.86,7644.28,14.185529917872508,6.882893806715542,33,34,2.393003141667168,1.6801123133584146,0.4852052652642681,0.9705882352941176
UNUSUAL TRANSMISSION NOISE,DOES NOT OPERATE PROPERLY,2529,17761.16,45784.95,4012.67,6190.79,13.241953341241596,7.21660627658896,44,44,2.577812650987509,1.5428120712775295,0.5449804942381947,1.0
COOLANT LEAK,POROSITY,2516,5307.62,12006.49,2118.54,2281.49,10.510015898251194,6.651815626800552,42,42,2.2621227158067887,1.0769162561117658,0.6329025275696658,1.0
RDU-NOISE/VIBRATION,DOES NOT OPERATE PROPERLY,2194,6918.02,8996.31,2593.34,1942.69,9.419325432999088,7.199029061352143,20,20,1.3004177380138309,0.7491055729391481,0.7642828685089811,1.0
