gsar_wcc_label,n,cost_mean,cost_std,gcost_mean,gcost_std,ghrs_mean,ghrs_std,soln_nunique,soln_count,cost_cv,gcost_cv,ghrs_cv,soln_divergence
CAMSHAFT & GEAR TRAIN,40075,8426.14,32854.07,2793.01,5154.12,12.70328384279476,7.802827537414671,619,657,3.899066878953233,1.845361948570029,0.6142370456313465,0.9421613394216134
CLUTCH AND SUN GEARS,26325,15856.2,34325.22,4591.18,5082.22,19.30101804368471,6.69266782686845,194,211,2.1647823345514503,1.1069534845511118,0.3467520631150484,0.919431279620853
WATER PUMP,23512,5083.67,19447.95,2002.47,2636.68,9.979274413065667,5.9142105592488,461,504,3.825571256278901,1.316717333723593,0.5926493565008534,0.9146825396825397
CONVERTER,22820,15893.78,31518.47,3691.93,3549.06,14.809408413672218,5.637252256067284,278,305,1.983069997234569,0.9613024800814354,0.3806534399350421,0.9114754098360656
FPSD AFTER MARKET OPTIONS,22534,5905.81,22495.86,2140.3,3498.68,6.494124434188338,8.057100293186924,420,480,3.809108366564951,1.6346716873429692,1.2406753789271876,0.875
CYLINDER BLOCK,22118,38358.62,110210.32,6487.82,11852.8,17.575644271633962,6.074772628212072,433,457,2.873156695220633,1.8269305660692368,0.3456358432342871,0.9474835886214442
CONTROL VALVE ASSEMBLY,18321,12643.95,52227.57,3732.85,7792.8,13.618317777413898,8.729717705016215,306,335,4.13063790798297,2.0876252528170838,0.6410276105830436,0.9134328358208956
OIL PAN & CRANK SEALING,16981,5012.4,11446.04,2406.17,2194.15,12.495889523585184,7.557308777943336,201,207,2.283543553417116,0.9118845914103084,0.6047835781261833,0.9710144927536232
VEHICLE MAINTENANCE,15392,4273.36,10645.73,1557.51,1867.56,6.74110576923077,6.936736513275092,472,535,2.4911867600352973,1.199069788476224,1.0290205718084506,0.8822429906542056
HEATER & A/C PLENUM,14127,4927.09,8144.7,1895.75,2162.18,8.06748071069583,6.051962217546139,327,469,1.6530448133303777,1.140540856451426,0.7501675472892639,0.697228144989339
ENGINE COVERS & MISC.GASKTS,13804,4958.65,11290.7,2346.76,1975.21,12.151651695160822,7.386122749392756,191,196,2.2769720295056506,0.8416766674923094,0.6078287079553265,0.9744897959183674
SLIDING MOON ROOF - ELECTRIC,10876,8529.79,22232.96,2821.97,5747.77,8.312136815005516,6.182363480208665,145,280,2.606507077404264,2.0367949990331478,0.7437754716750968,0.5178571428571429
SYNC,10262,3230.47,10454.66,1491.14,2192.08,5.761800818553888,6.691117259645711,123,153,3.236265390503553,1.4700753193728415,1.1612892341052958,0.803921568627451
COMPRESSOR - A/C,9580,5596.42,10530.3,1828.62,2239.07,5.742160751565762,5.0204777578901565,224,245,1.8816127801247955,1.2244603367062683,0.8743185666686851,0.9142857142857144
TURBOCHARGER,9564,13598.69,32838.55,3151.32,3488.46,9.922480133835217,7.547567353476723,109,109,2.414831883550807,1.1069859798938846,0.7606533096236548,1.0
FRONT WHEEL BEARINGS & SEAL,9556,4439.89,18514.23,2013.8,3812.37,6.6634261197153615,7.127735549875042,199,250,4.169976377750644,1.8931262950675676,1.069680284859152,0.796
PARKING AID SYSTEM / SIDE VISION,8699,4482.16,14872.68,1963.65,3966.42,6.095079894240717,6.498593595477814,167,206,3.318197060913561,2.0199272565926787,1.0662031849030198,0.8106796116504854
TRANSMISSION ASSEMBLY,7937,41724.69,130432.55,8212.3,16436.23,14.42979715257654,7.600287516558296,280,287,3.1260281604370435,2.0014165919560787,0.5267078557096149,0.975609756097561
ELEC ENGINE CONTROL SENSORS,7445,5083.63,16704.42,1799.03,3827.82,6.43645399597045,7.2857225176489555,140,165,3.285923810724844,2.1277064758399606,1.1319466467421644,0.8484848484848485
RUNNING BOARD AND SIDE STEPS,6968,4532.38,18378.78,2175.37,5226.1,4.331888633754305,6.217625372387923,47,68,4.054997500849867,2.402394545511144,1.4353151472869956,0.6911764705882353
FRONT SUSPENSION & MEMBERS,6876,6509.12,21721.16,3075.8,7074.05,6.638816172193136,6.203405164188066,692,798,3.3370320727216622,2.2999053323681564,0.9344143599232644,0.8671679197994987
HALFSHAFTS - FRT & RR,6813,7481.36,50011.98,2600.6,4368.34,7.722530456480258,7.535910228983038,404,458,6.6848769758371,1.6797435714852635,0.9758343164136544,0.8820960698689956
FRONT AXLE (ALL),6658,4903.33,10293.25,2299.41,1984.28,10.600480624812256,7.814943128817698,61,63,2.099237427041416,0.8629552784198877,0.7372253584922813,0.9682539682539684
OIL FILTER,6467,334.88,1318.85,222.69,490.44,0.4843358589763414,1.7417119908927707,328,396,3.938278014957165,2.202370236009124,3.596083087000686,0.8282828282828283
STEERING LINKAGE,5828,4668.48,16186.78,2059.3,2529.61,6.939550446122168,6.5653645185733325,213,220,3.467245900444829,1.2283807324199756,0.9460792265357864,0.968181818181818
GEAR ASSEMBLY,5735,10713.52,26051.06,3531.21,6535.51,5.44662598081953,4.497199690893365,328,377,2.431605268188505,1.850783870000975,0.8256854255699583,0.870026525198939
LOCKING HUBS,5227,4241.77,10344.59,1966.63,2168.76,6.885192270901091,7.022572183269074,76,100,2.438741601055396,1.102780488293797,1.0199529522143618,0.76
FUEL INJECTION SYSTEM,5104,17906.7,90056.75,3182.98,5956.78,9.10221394984326,8.644641494541524,136,181,5.029222569667742,1.871448740654356,0.949729542963598,0.7513812154696132
EVAP. EMISS. ATTCHMTS & LINES,4580,4012.81,36620.0,1432.77,4353.71,4.077248908296943,5.755302336729889,74,249,9.125774475596534,3.038662206636399,1.4115651180918125,0.2971887550200803
"STARTER, DRIVE, AND SOLENOID",4312,6953.0,24510.03,2361.84,6587.79,5.7500695732838585,7.123556473175464,147,323,3.525101235379864,2.7892587183874906,1.2388643967497612,0.4551083591331269
POWERTRAIN MOUNTS,3981,15942.79,82307.86,5822.89,13228.16,8.321049987440341,7.189096923511409,649,1105,5.162701504822695,2.271750818372652,0.8639651167055258,0.5873303167420815
FRONT SHOCK ABSORBERS & STRUTS,3750,7195.22,39978.05,3072.12,7431.33,6.269173333333334,6.033557275786451,538,578,5.55619771841282,2.4189546824239923,0.9624167262541446,0.9307958477508652
ALTERNATOR,3737,4376.29,12355.42,1660.93,2722.55,4.012336098474712,5.1361777177856505,88,104,2.823262712045349,1.6391694530336165,1.2800965800791628,0.8461538461538461
OTHER REAR AXLE,3735,8847.84,15806.19,3064.3,3307.3,9.235127175368138,7.323531335709442,63,68,1.7864467712918692,1.079302402859103,0.7930081737523561,0.9264705882352942
HEADLAMPS,3601,4836.01,5906.09,1893.89,1538.26,3.506914745903916,4.825088882970245,21,22,1.2212734879414753,0.8122238977023505,1.3758785806258793,0.9545454545454546
TRANSFER CASE (AWD) POWER TAKE-OFF,3552,6456.38,10095.48,2423.72,1692.03,8.637387387387387,5.944476857775761,29,29,1.5636438390470258,0.6981127917958373,0.6882262646290582,1.0
FRONT OIL PUMP,3513,20723.97,50536.66,4384.51,4944.47,15.862425277540565,6.328775538057499,28,32,2.4385603905515416,1.127713448972711,0.3989790607252438,0.875
ALL O/S MIRRORS (NA & WDMO ONLY),3493,3891.8,7826.56,1771.82,2130.52,4.12547953048955,5.703182636771293,53,60,2.0110400300646822,1.202441904159132,1.3824290230073024,0.8833333333333333
CLUTCH DISC ASSEMBLY,3401,5344.74,10210.88,2094.19,2918.84,7.377241987650691,2.553511914405921,94,96,1.9104553720162147,1.393778529378881,0.3461336795892602,0.9791666666666666
HEATED SEATS (UNIQUE PARTS),3340,3890.61,10481.91,1644.55,1808.3,6.3268263473053885,6.450903258299792,47,54,2.6941570831142494,1.0995744842035384,1.0196112401673942,0.8703703703703703
