cluster,n,top_terms,approved_med,approved_cv
20,15143,"parts, test, turbo, labor, verified, approved, check, noise",3433.98,6.21
1,7249,"engine, repair, oil, engine oil, torn, categeory, good engine, condition",2018.38,1.585
2,5660,"payment, com, email, sent, sent payment, payment details, details, generated email",3417.93,2.208
34,5578,"repair, compressor, yes, dealer, categeory, digital photos, dealer digital, submit dealer",1364.06,1.113
19,4510,"calling, coverage, thank calling, dealer, survey, offered, advised, dealer calling",861.84,1.946
32,3802,"yes, repair, match, verified, contract, parts, verified year, year make",1299.43,1.043
4,3765,"rental, days, rental days, repair, days rental, date, completion, completion date",3963.68,1.557
18,3741,"labor hours, hours, labor, amendment request, amendment, parts, scheduled labor, changed",6431.71,1.828
33,3646,"transmission, replace transmission, fluid, overhaul, gear, clutch, parts, vehicle",21436.19,2.398
12,3553,"water pump, water, pump, replace water, coolant, engine, leaking, repair",2891.41,1.228
27,3484,"oil, oil pan, pan, cover, oil leak, leak, engine, leaking",3629.4,3.513
23,3396,"rattle, phasers, tsb, cam, start, vct, cold, noise",5230.17,1.846
35,3223,"contract, covered, participate, participate claim, door, esc, esc participate, contract thank",1225.64,1.744
30,3217,"rear, replace rear, differential, noise, rear differential, seal, parts, rear main",3831.88,1.76
5,3162,"transmission, repair, fluid, torn, transmission fluid, clutch, categeory, transmission repair",3899.06,4.059
28,3155,"sunroof, mirror, track, running, board, running board, motors, roof",4830.76,1.304
3,3060,"noise, tie, steering, lower, suspension, ball, repair, rod",2077.37,1.992
29,2949,"payment, com, email, sent, sent payment, payable, payment details, details",6190.79,1.815
11,2927,"rental, bumper, repair, loaner, days, yes, bumper bumper, warranty",1915.29,1.257
10,2875,"tech findings, findings, tech, repair, history checked, matches, checked, causal",1012.38,1.81
17,2866,"long block, block, long, replace long, engine, coolant, cylinder, tsb",30733.82,1.903
14,2805,"axle, ptu, transmission, fluid, repair, transmission fluid, differential, noise",2374.17,1.117
22,2486,"trans, transmission, clutch, overhaul, fluid, parts, converter, test",14166.41,2.377
37,2332,"valve body, valve, body, transmission, overhaul, main control, tsb, main",8420.82,1.238
6,2231,"prior approval, approval, prior, approval required, based, based requested, approval authority, authority require",514.58,1.199
21,2121,"converter, torque, torque converter, transmission, replace torque, shudder, fluid, parts",8294.77,1.201
8,2082,"cylinder, head, block, short block, short, engine, coolant, cylinder head",30660.72,1.597
26,1939,"steering, steering gear, gear, replace steering, steering wheel, wheel, power steering, rack",5001.96,1.989
31,1852,"fuel, sensor, fuel pump, pump, engine, tank, replace fuel, pressure",2544.18,2.505
38,1653,"tire, rotation, tire rotation, oil change, change tire, change, mpi, oil",170.44,1.584
25,1602,"key, fob, lost, key fob, lost key, replace key, keys, repair",464.45,1.782
15,1428,"pads, rotors, brake, rear, brake pads, brakes, pads rotors, rear brake",1200.78,1.291
36,1383,"yes yes, yes, ppt, test, camera, ppt yes, test yes, repair",2182.0,2.581
39,1045,"customer calling, calling, calling coverage, coverage, calling customer, thank calling, coverage customer, survey",399.67,
24,811,"inquiry, customer inquiry, inquiry customer, calling, approval needed, advised, thank calling, survey",1758.39,
13,795,"refund, rental, customer refund, refund rental, paid, esc pay, esc, refund request",844.92,2.472
7,732,"filter, air filter, cabin, air, maintenance, cabin air, change, rotation",276.09,2.213
16,591,"automatically approved, claim automatically, based submitted, submitted information, approved reference, automatically, number approval, code thank",1061.99,1.563
9,583,"procurement payment, shipped reference, request shipped, shipped, parts procurement, procurement, payment request, payment",6316.24,1.982
0,568,"starter, replace starter, start, starter motor, battery, motor, flywheel, repair",1565.67,2.728
